text1,file
Anf. 71 CHRISTER NYLANDER (fp):,/content/corpus/protocols/200910/prot-200910--86.xml
"Herr NILSSON, FERDINAND, (cp):",/content/corpus/protocols/1966/prot-1966-hÃ¶st-fk--36.xml
Anf. 126 ÅSA DOMEIJ (mp) replik:,/content/corpus/protocols/199091/prot-199091--124.xml
Herr SUNDSTRÖM (s):,/content/corpus/protocols/1954/prot-1954--ak--22.xml
Herr Björck i Kristianstad:,/content/corpus/protocols/1932/prot-1932--ak--48.xml
Anf. 17 LINDA SNECKER (V):,/content/corpus/protocols/201617/prot-201617--69.xml
Anf. 27 JOE FRANS (s) replik:,/content/corpus/protocols/200405/prot-200405--108.xml
Anf. 69 MATS NORDBERG (SD),/content/corpus/protocols/201920/prot-201920--59.xml
Herr LUNDSTRÖM (fp):,/content/corpus/protocols/1964/prot-1964--fk--18.xml
Anf. 63 ALEXANDER CHRISOPOULOS (vpk):,/content/corpus/protocols/198283/prot-198283--130.xml
Anf. 20 INGVAR KARLSSON i Bengtsfors (c):,/content/corpus/protocols/198283/prot-198283--22.xml
Anf. 3 TALMANNEN:,/content/corpus/protocols/201819/prot-201819--40.xml
Herr Olovson i Västerås:,/content/corpus/protocols/1928/prot-1928--ak--43.xml
Anf. 8 CATHARINA BRÅKENHIELM (S),/content/corpus/protocols/201415/prot-201415--55.xml
Anf. 124 Statsrådet MÄRTA STENEVI (MP):,/content/corpus/protocols/202021/prot-202021--109.xml
Anf. 71 EVA LOHMAN (M):,/content/corpus/protocols/201718/prot-201718--43.xml
Anf. 206 HANS DAU (m) replik:,/content/corpus/protocols/199394/prot-199394--119.xml
Herr Skoglund i Umeå:,/content/corpus/protocols/1947/prot-1947--ak--18.xml
Herr HALLÉN:,/content/corpus/protocols/1949/prot-1949--ak--10.xml
"Chefen för handelsdepartementet, herr statsrådet Svensson: Det
              yttrande som herr Engberg här haft skall icke föranleda mig till
              många ord. Jag vill endast säga det, vilket ju också framgår av
              det anförande till statsrådsprotokollet, vari jag motiverat propositionen,
              att jag ingalunda har förbisett, att åtgärder av den art som här
              föreslås äro förbundna med olägenheter av många slag. Men å andra
              sidan ser jag förhållandena uti landet med avseende å viktiga
              punkter uti vårt näringsliv på sådant sätt och betraktar framtiden
              såsom så oviss, att jag icke desto mindre — med fullständig uppskattning
              av svårigheterna — har ansett mig icke kunna stå till svars med
              att icke bringa denna sak under riksdagens prövning.",/content/corpus/protocols/1922/prot-1922--ak--35.xml
"Herr Ericsson, Ollas:",/content/corpus/protocols/1921/prot-1921--fk--44.xml
Anf. 73 ALICE ÅSTRÖM (v) replik:,/content/corpus/protocols/199697/prot-199697--42.xml
Anf. 17 KARIN PILSÄTER (fp) replik:,/content/corpus/protocols/200001/prot-200001--113.xml
"Herr Ström, Fredrik:",/content/corpus/protocols/1932/prot-1932--fk--44.xml
Herr Ekman:,/content/corpus/protocols/1930/prot-1930--fk--3.xml
Anf. 75 MARIA STOCKHAUS (M):,/content/corpus/protocols/201516/prot-201516--35.xml
Herr NÄSSTRÖM (s):,/content/corpus/protocols/1968/prot-1968--fk--9.xml
Herr JOHANSSON i Norrköping (s):,/content/corpus/protocols/1968/prot-1968--ak--16.xml
Anf. 41 DAG KLACKENBERG (M) replik,/content/corpus/protocols/201718/prot-201718--116.xml
Herr ÖHMAN:,/content/corpus/protocols/1948/prot-1948--fk--13.xml
Herr Hage:,/content/corpus/protocols/1927/prot-1927--ak--38.xml
ALF WENNERFORS (m):,/content/corpus/protocols/198990/prot-198990--44.xml
Herr Möller erhöll på begäran ordet och anförde:,/content/corpus/protocols/1930/prot-1930--fk--12.xml
Herr Hagberg i Malmö:,/content/corpus/protocols/1941/prot-1941--ak--33.xml
Anf. 39 GUNNEL JONÄNG (c) replik:,/content/corpus/protocols/198586/prot-198586--112.xml
Anf. 96 SIW WITTGREN-AHL (s) replik:,/content/corpus/protocols/200708/prot-200708--83.xml
Herr GUSTAVSSON i Alvesta (cp):,/content/corpus/protocols/1969/prot-1969-hÃ¶st-ak--40.xml
Anf. 120 NILS NORDH (s):,/content/corpus/protocols/198586/prot-198586--120.xml
"Industriministern NILS ÅSLING erhöll ordet för att besvara Alf
            Wennerfors (m) den 30 november anmälda interpellation, 1979/80:90,
            och anförde:",/content/corpus/protocols/197980/prot-197980--62.xml
Anf. 140 Arbetsmarknadsminister MONA,/content/corpus/protocols/199091/prot-199091--33.xml
Anf. 72 JOHAN PEHRSON (fp):,/content/corpus/protocols/19992000/prot-19992000--93.xml
Herr Lindman:,/content/corpus/protocols/1922/prot-1922--ak--48.xml
Herr BJÖRKMAN (m):,/content/corpus/protocols/1970/prot-1970--ak--11.xml
Herr WIRMARK (fp):,/content/corpus/protocols/1972/prot-1972--57.xml
Herr GUSTAFSSON i Ronneby (s):,/content/corpus/protocols/197677/prot-197677--40.xml
Anf. 53 Kulturminister LENA ADELSOHN LILJEROTH (m):,/content/corpus/protocols/200809/prot-200809--59.xml
Herr Holmdahl:,/content/corpus/protocols/1929/prot-1929--ak--31.xml
Anf. 20 PER ISRAELSSON (vpk):,/content/corpus/protocols/198182/prot-198182--147.xml
Anf. 57 Socialförsäkringsminister ANNIKA STRANDHÄLL (S) replik,/content/corpus/protocols/201516/prot-201516--25.xml
Herr Grapenson:,/content/corpus/protocols/1927/prot-1927--ak--39.xml
Anf. 76 Jordbruksminister MARGARETA,/content/corpus/protocols/199596/prot-199596--26.xml
Anf. 9 BO LUNDGREN (m):,/content/corpus/protocols/198283/prot-198283--21.xml
Anf. 69 Justitieminister BEATRICE ASK (M):,/content/corpus/protocols/201112/prot-201112--36.xml
Anf. 175 YVONNE ANDERSSON (kd) replik:,/content/corpus/protocols/199899/prot-199899--92.xml
Anf. 30 MAGGI MIKAELSSON (v) replik:,/content/corpus/protocols/199798/prot-199798--48.xml
Anf. 159 ANNE LUDVIGSSON (s):,/content/corpus/protocols/200102/prot-200102--93.xml
Anf. 13 KENNETH KVIST (v) replik:,/content/corpus/protocols/199495/prot-199495--23.xml
Herr CHRISTENSON i Malmö (fp):,/content/corpus/protocols/1964/prot-1964--ak--27.xml
TAGE ADOLFSSON (m):,/content/corpus/protocols/197980/prot-197980--45.xml
Anf. 66 SVEN GUNNAR PERSSON (kd) replik:,/content/corpus/protocols/200708/prot-200708--45.xml
Anf. 64 Klimat- och miljöminister ÅSA ROMSON (MP):,/content/corpus/protocols/201415/prot-201415--59.xml
Anf. 11 PÄR GRANSTEDT (c):,/content/corpus/protocols/198283/prot-198283--143.xml
"Herr Nilsson, Bror:",/content/corpus/protocols/1942/prot-1942--fk--16.xml
Anf. 26 Statsminister STEFAN LÖFVEN (S):,/content/corpus/protocols/201516/prot-201516--81.xml
Anf. 46 Statsrådet ANDERS YGEMAN (S),/content/corpus/protocols/201920/prot-201920--57.xml
TYRA JOHANSSON (s):,/content/corpus/protocols/197980/prot-197980--30.xml
Anf. 138 PER BILL (M) replik,/content/corpus/protocols/201415/prot-201415--42.xml
Herr Dahl:,/content/corpus/protocols/1924/prot-1924--fk--15.xml
Herr WERNER i Tyresö (vpk):,/content/corpus/protocols/1975/prot-1975--14.xml
Anf. 126 Statsrådet MEHMET KAPLAN (MP),/content/corpus/protocols/201516/prot-201516--26.xml
Herr AGERBERG (h):,/content/corpus/protocols/1953/prot-1953-hÃ¶st-ak--30.xml
Anf. 104 INGER DAVIDSON (kd) replik:,/content/corpus/protocols/200607/prot-200607--108.xml
Fröken Hesselgren:,/content/corpus/protocols/1927/prot-1927--fk--20.xml
Herr DE GEER (fp):,/content/corpus/protocols/1954/prot-1954--fk--24.xml
Anf. 7 EDWARD RIEDL (M),/content/corpus/protocols/202122/prot-202122--29.xml
Anf. 106 Justitieminister THOMAS BOD-,/content/corpus/protocols/200102/prot-200102--88.xml
Herr WIKNER (s):,/content/corpus/protocols/1969/prot-1969--ak--14.xml
Anf. 40 Arbetsmarknadsminister SVEN OTTO LITTORIN (m) replik:,/content/corpus/protocols/200708/prot-200708--12.xml
Anf. 139 ESTER LINDSTEDT-STAAF (kd):,/content/corpus/protocols/200001/prot-200001--123.xml
STURE ERICSON (s):,/content/corpus/protocols/197778/prot-197778--108.xml
Herr LINDBLOM (fp):,/content/corpus/protocols/1956/prot-1956--fk--22.xml
Anf. 60 Klimat- och miljöminister ÅSA ROMSON (MP):,/content/corpus/protocols/201415/prot-201415--46.xml
Anf. 28 MAGNUS OSCARSSON (KD) replik,/content/corpus/protocols/201718/prot-201718--64.xml
Herr Larsén:,/content/corpus/protocols/1929/prot-1929--fk--22.xml
Anf. 12 Utrikesminister MARGOT WALLSTRÖM (S):,/content/corpus/protocols/201415/prot-201415--103.xml
Anf. 47 ANNIKA ÅHNBERG (vpk):,/content/corpus/protocols/198889/prot-198889--116.xml
"Chefen för inrikesdepartementet, herr statsrådet HOLMQVIST:",/content/corpus/protocols/1970/prot-1970-hÃ¶st-ak--41.xml
Herr JÖNSSON i (fp):,/content/corpus/protocols/1965/prot-1965-hÃ¶st-ak--40.xml
Anf. 195 ARNE KJÖRNSBERG (s):,/content/corpus/protocols/19992000/prot-19992000--29.xml
Anf. 71 SVEN-OLOF SÄLLSTRÖM (SD) replik:,/content/corpus/protocols/201213/prot-201213--91.xml
Herr WIRMARK (ss):,/content/corpus/protocols/1966/prot-1966--fk--25.xml
Herr SVENINGSSON mäle:,/content/corpus/protocols/1968/prot-1968--fk--10.xml
Anf. 40 PÄR GRANSTEDT (c):,/content/corpus/protocols/198586/prot-198586--99.xml
Anf. 35 Statsrådet ANDERS YGEMAN (S),/content/corpus/protocols/202021/prot-202021--28.xml
Anf. 27 ALICE ÅSTRÖM (v) replik:,/content/corpus/protocols/200001/prot-200001--40.xml
Anf. 16 ANNIKA ÅHNBERG (vpk):,/content/corpus/protocols/198990/prot-198990--106.xml
Herr JANSSON i Kalix (s):,/content/corpus/protocols/1956/prot-1956--ak--22.xml
Anf. 45 JANINE ALM ERICSON (MP) replik,/content/corpus/protocols/201617/prot-201617--33.xml
"Hans excellens herr statsministern och ministern för utrikesärendena
              Branting: Jag ber endast få intyga, att anledningen till nedsättningen
              av detta anslag ingalunda varit någon ogenhet mot den organisation,
              varom här är fråga, utan det har delat det öde, som så ofantligt
              många andra anslagskrav rönt i dessa tider. Man har prutat något
              tusen kronor här och något tusen kronor där för att vinna någon
              liten besparing. Det, som herr Lindhagen nu åberopar — att det
              i nästa punkt begäres anslag till ett nytt fredssträvande — beror
              på, att man ansåg detta nyuppkomna fredssträvande verkligen vara
              förtjänt och i behov av en liten uppmuntran också från statsmakternas",/content/corpus/protocols/1923/prot-1923--fk--10.xml
Anf. 118 BO KÖNBERG (fp) replik,/content/corpus/protocols/199596/prot-199596--77.xml
Anf. 34 CARIN RUNESON (S):,/content/corpus/protocols/201112/prot-201112--8.xml
Herr GUSTAFSSON i Byske (c):,/content/corpus/protocols/1972/prot-1972--57.xml
Herr BRANDT (s):,/content/corpus/protocols/1965/prot-1965--ak--22.xml
Anf. 77 Statsrådet BIRGITTA OHLSSON (FP) replik:,/content/corpus/protocols/201314/prot-201314--110.xml
Herr Ernfors:,/content/corpus/protocols/1928/prot-1928--fk--26.xml
Sedan punkten föredragits anförde Herr JÖNSSON i (fp):,/content/corpus/protocols/1968/prot-1968-hÃ¶st-ak--39.xml
Anf. 63 Näringsminister ANDERS SUNDSTRÖM (s):,/content/corpus/protocols/199798/prot-199798--50.xml
"Herr NILSSON, FERDINAND, (cp):",/content/corpus/protocols/1960/prot-1960-hÃ¶st-fk--27.xml
Herr Norman:,/content/corpus/protocols/1942/prot-1942--fk--26.xml
Anf. 150 JOHAN PEHRSON (fp) replik:,/content/corpus/protocols/200506/prot-200506--82.xml
Anf. 122 Statsrådet MATILDA ERNKRANS (S),/content/corpus/protocols/201920/prot-201920--59.xml
"Herr Anderson, Axel Ivar:",/content/corpus/protocols/1943/prot-1943--fk--17.xml
"Herr handelsministern FELDT erhöll ordet för att besvara herr
            Carlsteins (s) den 15 oktober anmälda fråga, 1975/76:24, och anförde:
            9.",/content/corpus/protocols/197576/prot-197576--10.xml
Anf. 54 Statsrådet GEORG ANDERSSON:,/content/corpus/protocols/198889/prot-198889--31.xml
6$ Anf. 31 ANDRE VICE TALMANNEN:,/content/corpus/protocols/198283/prot-198283--123.xml
Anf. 64 ALLAN WIDMAN (fp) replik:,/content/corpus/protocols/200304/prot-200304--46.xml
Herr Bergqvist:,/content/corpus/protocols/1930/prot-1930--fk--18.xml
Herr LÖFVANDER:,/content/corpus/protocols/1948/prot-1948--fk--27.xml
Herr Hagberg i Malmö:,/content/corpus/protocols/1945/prot-1945--ak--20.xml
Anf. 19 ANN-CHARLOTTE HAMMAR JOHNSSON (M),/content/corpus/protocols/201920/prot-201920--84.xml
Herr Karlsson i Munkedal:,/content/corpus/protocols/1936/prot-1936--ak--15.xml
Herr WENNERFORS (m):,/content/corpus/protocols/1969/prot-1969-hÃ¶st-ak--43.xml
Herr Holmdahl:,/content/corpus/protocols/1931/prot-1931--ak--23.xml
Anf. 53 ANITA BRODÉN (fp):,/content/corpus/protocols/200405/prot-200405--106.xml
Anf. 258 ULLA-BRITT HAGSTRÖM,/content/corpus/protocols/200102/prot-200102--123.xml
Anf. 10 JABAR AMIN (MP):,/content/corpus/protocols/201011/prot-201011--103.xml
Anf. 10 Miljö- och klimatminister ISABELLA LÖVIN (MP),/content/corpus/protocols/202021/prot-202021--47.xml
Anf. 150 JOHAN PEHRSON (FP) replik:,/content/corpus/protocols/201112/prot-201112--35.xml
Anf. 8 OSWALD SÖDERQVIST (vpk):,/content/corpus/protocols/198182/prot-198182--50.xml
Anf. 31 MARTIN ÅDAHL (C) replik,/content/corpus/protocols/202122/prot-202122--6.xml
Anf. 78 CARL FRICK (mp):,/content/corpus/protocols/198889/prot-198889--124.xml
Anf. 36 CECILIA WIKSTRÖM (fp) replik:,/content/corpus/protocols/200506/prot-200506--99.xml
Anf. 77 KARIN SVENSSON SMITH (v):,/content/corpus/protocols/200304/prot-200304--94.xml
Herr KARLSSON i Malung (s) kort genmäle:,/content/corpus/protocols/1974/prot-1974--86.xml
Anf. 115 JÖRGEN BERGLUND (M) replik,/content/corpus/protocols/202021/prot-202021--80.xml
Anf. 28 Utbildningsminister THOMAS ÖSTROS (s):,/content/corpus/protocols/200001/prot-200001--35.xml
Anf. 40 Försvarsminister PETER HULTQVIST (S),/content/corpus/protocols/202021/prot-202021--36.xml
Anf. 94 STEN-OVE SUNDSTRÖM (s):,/content/corpus/protocols/199293/prot-199293--36.xml
Anf. 18 LARS HJÄLMERED (M):,/content/corpus/protocols/201920/prot-201920--7.xml
Arbetsmarknadsministern ROLF WIRTÉN:,/content/corpus/protocols/197879/prot-197879--127.xml
Anf. 48 PAUL JANSSON (s):,/content/corpus/protocols/198182/prot-198182--118.xml
Herr Samuelsson:,/content/corpus/protocols/1923/prot-1923--ak--25.xml
Anf. 18 Statsrådet MARIA LARSSON (kd):,/content/corpus/protocols/200607/prot-200607--135.xml
Anf. 120 CATHERINE PERSSON (s) replik:,/content/corpus/protocols/200506/prot-200506--17.xml
Herr Hansson i Stockholm:,/content/corpus/protocols/1928/prot-1928--ak--40.xml
"Chefen för handelsdepartementet, herr statsrådet LANGE:",/content/corpus/protocols/1959/prot-1959-hÃ¶st-ak--31.xml
Herr Westman:,/content/corpus/protocols/1930/prot-1930--fk--12.xml
Anf. 71 HELENE HELLMARK KNUTSSON (S),/content/corpus/protocols/201920/prot-201920--110.xml
Herr LUNDQVIST:,/content/corpus/protocols/1951/prot-1951--fk--17.xml
Anf. 2 HANS GÖRAN FRANCK (s):,/content/corpus/protocols/198586/prot-198586--47.xml
Herr Magnusson i Skövde:,/content/corpus/protocols/1931/prot-1931--ak--28.xml
Anf. 55 CATHARINA BRÅKENHIELM (s) replik:,/content/corpus/protocols/200405/prot-200405--52.xml
Anf. 188 Bostadsminister HANS GUSTAFSSON:,/content/corpus/protocols/198788/prot-198788--12.xml
Herr SVENNING (s):,/content/corpus/protocols/1963/prot-1963--ak--24.xml
Anf. 56 JAN LINDHOLM (MP):,/content/corpus/protocols/201516/prot-201516--99.xml
Anf. 5 ARNE KJÖRNSBERG (s) replik:,/content/corpus/protocols/200304/prot-200304--106.xml
Anf. 47 Utrikesminister ANN LINDE (S),/content/corpus/protocols/201920/prot-201920--30.xml
Anf. 92 LISELOTTE OLSSON (v):,/content/corpus/protocols/200607/prot-200607--14.xml
Anf. 65 LARS ADAKTUSSON (KD) replik:,/content/corpus/protocols/201920/prot-201920--62.xml
Anf. 145 Statsrådet BO KÖNBERG (fp):,/content/corpus/protocols/199293/prot-199293--10.xml
Anf. 87 ANDERS ÅKESSON (C) replik:,/content/corpus/protocols/201617/prot-201617--96.xml
Fröken STENBERG (h):,/content/corpus/protocols/1968/prot-1968-hÃ¶st-fk--38.xml
Anf. 11 JOHAN FORSSELL (M) replik,/content/corpus/protocols/201920/prot-201920--41.xml
Anf. 31 GÖTE WAHLSTRÖM (s) replik:,/content/corpus/protocols/200304/prot-200304--114.xml
Anf. 34 BO KÖNBERG (fp):,/content/corpus/protocols/19992000/prot-19992000--4.xml
Herr OHLIN (fp):,/content/corpus/protocols/1968/prot-1968--ak--23.xml
Herr WIRMARK (fp) kort genmäle:,/content/corpus/protocols/1973/prot-1973--72.xml
Herr SVENSSON i Malmö (vpk):,/content/corpus/protocols/1973/prot-1973--41.xml
Anf. 72 BIRGIT HENRIKSSON (m):,/content/corpus/protocols/199091/prot-199091--76.xml
Herr Nilsson i Tånga:,/content/corpus/protocols/1927/prot-1927--ak--22.xml
Herr SANDBERG:,/content/corpus/protocols/1948/prot-1948--ak--3.xml
Herr KÄRRLANDER:,/content/corpus/protocols/1950/prot-1950--ak--20.xml
Anf. 14 Finansminister KJELL-OLOF FELDT:,/content/corpus/protocols/198586/prot-198586--88.xml
Anf. 124 Statsrådet SVEN-ERIK ÖSTERBERG (s):,/content/corpus/protocols/200405/prot-200405--29.xml
Anf. 150 Kulturminister MARITA ULVSKOG (s):,/content/corpus/protocols/199697/prot-199697--105.xml
Herr HERMANSSON i Stockholm (vpk) kort genmäle:,/content/corpus/protocols/1971/prot-1971--118.xml
Herr LARFORS (s):,/content/corpus/protocols/1974/prot-1974--40.xml
Anf. 124 KRISTINA NILSSON (S),/content/corpus/protocols/201516/prot-201516--111.xml
Anf. 59 VIOLA CLAESSON (vpk):,/content/corpus/protocols/198586/prot-198586--136.xml
Herr Nilsson i Hörby:,/content/corpus/protocols/1936/prot-1936--ak--43.xml
Herr Asplund:,/content/corpus/protocols/1928/prot-1928--fk--32.xml
Herr ERIKSSON i Bäckmora (bf):,/content/corpus/protocols/1957/prot-1957--ak--20.xml
Anf. 52 Statsminister STEFAN LÖFVEN (S):,/content/corpus/protocols/201920/prot-201920--40.xml
Herr von FRIESEN (fp):,/content/corpus/protocols/1958/prot-1958-a-ak--8.xml
Herr SPETZ (fp):,/content/corpus/protocols/1955/prot-1955--fk--18.xml
"Herr ANDERSSON, TORSTEN, (cp):",/content/corpus/protocols/1968/prot-1968--fk--9.xml
Anf. 18 Statsrådet CATHARINA ELMSÄTER-SVÄRD (M):,/content/corpus/protocols/201213/prot-201213--129.xml
Anf. 28 LOTTA OLSSON (M):,/content/corpus/protocols/202122/prot-202122--26.xml
Anf. 140 KERSTIN LUNDGREN (C) replik:,/content/corpus/protocols/201213/prot-201213--28.xml
Anf. 217 GÖRAN MAGNUSSON (s),/content/corpus/protocols/199596/prot-199596--41.xml
Anf. 45 ULF KRISTERSSON (M) replik,/content/corpus/protocols/201920/prot-201920--20.xml
Herr JOHANSSON i Stockholm (k):,/content/corpus/protocols/1960/prot-1960--ak--12.xml
Herr Lindberg:,/content/corpus/protocols/1932/prot-1932--ak--37.xml
Anf. 178 MONICA GREEN (S) replik:,/content/corpus/protocols/201011/prot-201011--9.xml
Herr ANDERSSON i Dunker (bf):,/content/corpus/protocols/1956/prot-1956-hÃ¶st-ak--28.xml
Anf. 37 HANS WALLMARK (M):,/content/corpus/protocols/202021/prot-202021--102.xml
Anf. 94 AGNE HANSSON (c) replik:,/content/corpus/protocols/198788/prot-198788--90.xml
Herr förste vice talmannen Hamilton:,/content/corpus/protocols/1930/prot-1930--ak--3.xml
Herr Hagberg i Malmö:,/content/corpus/protocols/1947/prot-1947--ak--7.xml
Herr Wallén:,/content/corpus/protocols/1933/prot-1933--ak--39.xml
Herr SUNDIN (cp):,/content/corpus/protocols/1963/prot-1963-hÃ¶st-fk--35.xml
Anf. 38 Socialminister INGELA THALÉN,/content/corpus/protocols/199091/prot-199091--36.xml
"Herr BERG, GUNNAR, (s):",/content/corpus/protocols/1959/prot-1959--fk--12.xml
Anf. 212 KERSTIN EKMAN (fp):,/content/corpus/protocols/198384/prot-198384--160.xml
"Herr PETTERSSON, HARALD, (cp):",/content/corpus/protocols/1965/prot-1965--fk--15.xml
Herr Lithander:,/content/corpus/protocols/1920/prot-1920--ak--30.xml
Anf. 38 Justitieministern CARL AXEL PETRI:,/content/corpus/protocols/198081/prot-198081--135.xml
Anf. 18 OSWALD SÖDERQVIST (vpk):,/content/corpus/protocols/198182/prot-198182--120.xml
Anf. 59 LENNART GUSTAVSSON (v):,/content/corpus/protocols/200506/prot-200506--88.xml
Anf. 220 BENGT-ANDERS JOHANSSON (m) replik:,/content/corpus/protocols/200405/prot-200405--49.xml
Anf. 11 Statsminister STEFAN LÖFVEN (S):,/content/corpus/protocols/201415/prot-201415--65.xml
Herr Magnusson i Skövde:,/content/corpus/protocols/1927/prot-1927--ak--11.xml
Herr Hansson i Skediga:,/content/corpus/protocols/1944/prot-1944--ak--8.xml
Herr NORDGREN (h):,/content/corpus/protocols/1960/prot-1960--ak--14.xml
Anf. 38 GUNNAR ANDRÉN (FP):,/content/corpus/protocols/201213/prot-201213--31.xml
Anf. 93 CRISTINA HUSMARK PEHRSSON (m):,/content/corpus/protocols/200304/prot-200304--36.xml
Fru TORBRINK (s):,/content/corpus/protocols/1956/prot-1956--ak--13.xml
Herr KINDBOM (c) kort genmäle:,/content/corpus/protocols/1975/prot-1975--92.xml
Anf. 5 FREDRIK REINFELDT (m) replik:,/content/corpus/protocols/200304/prot-200304--121.xml
Anf. 17 BENGT SILFVERSTRAND (s) replik:,/content/corpus/protocols/198990/prot-198990--114.xml
Anf. 49 CHRIS HEISTER (m):,/content/corpus/protocols/199899/prot-199899--30.xml
HÖRNLUND (c):,/content/corpus/protocols/199192/prot-199192--89.xml
Anf. 177 CAMILLA HANSÉN (MP) replik,/content/corpus/protocols/202021/prot-202021--112.xml
Herr BRANDT (s) kort genmäle:,/content/corpus/protocols/1957/prot-1957--ak--10.xml
Anf. 61 GUNNAR ANDRÉN (FP):,/content/corpus/protocols/201213/prot-201213--129.xml
Anf. 243 BO NILSSON (s):,/content/corpus/protocols/199293/prot-199293--115.xml
Herr Örne:,/content/corpus/protocols/1933/prot-1933--fk--30.xml
Anf. 135 JÖRN SVENSSON (vpk):,/content/corpus/protocols/198182/prot-198182--119.xml
Anf. 69 Näringsminister ANNIE LÖÖF (C):,/content/corpus/protocols/201112/prot-201112--93.xml
Anf. 138 ELIZA ROSZKOWSKA ÖBERG (M) replik:,/content/corpus/protocols/201011/prot-201011--30.xml
Anf. 12 BENGT BERG (V):,/content/corpus/protocols/201314/prot-201314--69.xml
"Nu lät herr talmannen klubban falla och yttrade: Jag får fästa
              den ärade Anslag till talarens uppmärksamhet på att det ärende
              vi här diskutera är frågan om and utikes- : slagen till utrikesdepartementet.
              Jag ber honom hålla sig till sak. lbs)",/content/corpus/protocols/1925/prot-1925--fk--30.xml
Herr TALMANNEN yttrade:,/content/corpus/protocols/1959/prot-1959--ak--15.xml
Herr andre vice talmannen Magnusson:,/content/corpus/protocols/1937/prot-1937--ak--27.xml
Anf. 230 MARIE ENGSTRÖM (v):,/content/corpus/protocols/200708/prot-200708--32.xml
"Herr PEHRSSON-BRAMSTORP: Herr talman! Föreliggande utskottsutlåtande
              sammanhänger nära med det bankoutskottets utlåtande som vi komma
              att behandla i morgon. Jag skall emellertid undvika att blanda
              ihop de två sakerna, ty det är två skilda saker. Jag vill bara
              säga, att jag förstår reservanternas synpunkter med hänsyn till
              vad som skrevs i förra årets proposition. Det skrevs fel den gången,
              när man i förra årets proposition sade, att subventioneringen
              borde fortsätta endast därest den internationella prisstegringen
              kunde antagas vara av övergående karaktär. Man skulle enligt min
              mening icke ha underlåtit att säga, att även med hänsyn till den
              internationella prisutvecklingen kan det bliva nödvändigt i fortsättningen
              också.",/content/corpus/protocols/1948/prot-1948--ak--30.xml
Anf. 81 MARTIN ANDREASSON (fp) replik:,/content/corpus/protocols/200203/prot-200203--115.xml
Herr MAGNUSSON i Borås (h) kort genmäle:,/content/corpus/protocols/1967/prot-1967-hÃ¶st-ak--41.xml
Herr BERNDTSON (vpk):,/content/corpus/protocols/197576/prot-197576--21.xml
Anf. 43 Försvarsminister PETER HULTQVIST (S):,/content/corpus/protocols/201516/prot-201516--129.xml
Anf. 16 GÖTE JONSSON (m) replik:,/content/corpus/protocols/199798/prot-199798--117.xml
Anf. 76 Arbetsmarknadsminister HILLEVI ENGSTRÖM (M):,/content/corpus/protocols/201011/prot-201011--71.xml
Anf. 119 BIRGER HAGÅRD (m):,/content/corpus/protocols/199293/prot-199293--116.xml
Herr talmannen yttrade nu:,/content/corpus/protocols/1932/prot-1932--ak--55.xml
Anf. 91 BENGT ELIASSON (L),/content/corpus/protocols/201617/prot-201617--109.xml
Anf. 62 SOFIA MODIGH (KD),/content/corpus/protocols/201617/prot-201617--83.xml
Anf. 148 ALLAN WIDMAN (fp) replik:,/content/corpus/protocols/200809/prot-200809--113.xml
"Herr Fjellman, som yttrade:",/content/corpus/protocols/1928/prot-1928--ak--22.xml
Anf. 166 BARBRO WESTERHOLM (fp):,/content/corpus/protocols/200607/prot-200607--69.xml
Anf. 59 HELENA GELLERMAN (L) replik,/content/corpus/protocols/201819/prot-201819--96.xml
Anf. 46 JONAS SJÖSTEDT (V) replik:,/content/corpus/protocols/201920/prot-201920--58.xml
Anf. 50 Miljö- och klimatminister ISABELLA LÖVIN (MP),/content/corpus/protocols/201819/prot-201819--91.xml
Anf. 144 ANDREAS NORLÉN (M) replik:,/content/corpus/protocols/201314/prot-201314--62.xml
Anf. 10 Statsrådet ALF SVENSSON (kds):,/content/corpus/protocols/199394/prot-199394--20.xml
Herr UNDÉN (s):,/content/corpus/protocols/1964/prot-1964--fk--12.xml
Anf. 146 ANNIKA NORDGREN (mp),/content/corpus/protocols/199596/prot-199596--56.xml
"Perssons (s) den 14 november anmälda fråga, 1978/79:126, och
            anförde:",/content/corpus/protocols/197879/prot-197879--37.xml
Anf. 38 ULF KRISTERSSON (M) replik,/content/corpus/protocols/201819/prot-201819--103.xml
Anf. 44 PATRIK ENGSTRÖM (S) replik,/content/corpus/protocols/201516/prot-201516--29.xml
Herr TALMANNEN yttrade:,/content/corpus/protocols/1968/prot-1968--ak--29.xml
Anf. 75 SONIA KARLSSON (s):,/content/corpus/protocols/200405/prot-200405--21.xml
Anf. 106 JENS HOLM (V) replik:,/content/corpus/protocols/201314/prot-201314--12.xml
Anf. 107 BIRGER SCHLAUG (mp),/content/corpus/protocols/199596/prot-199596--31.xml
Anf. 30 Andre vice talman EVA ZETTER-,/content/corpus/protocols/200102/prot-200102--48.xml
Herr Törnkvist i Karlskrona:,/content/corpus/protocols/1933/prot-1933--ak--15.xml
Anf. 13 INGEMAR KIHLSTRÖM (KD),/content/corpus/protocols/201920/prot-201920--105.xml
Anf. 80 BERTIL DANIELSSON (m) replik:,/content/corpus/protocols/198687/prot-198687--108.xml
Anf. 108 DANIEL RIAZAT (V),/content/corpus/protocols/201920/prot-201920--110.xml
"Herr NILSSON, FERDINAND, (cp):",/content/corpus/protocols/1962/prot-1962--fk--24.xml
Anf. 29 MONICA ÖHMAN (s) replik:,/content/corpus/protocols/19992000/prot-19992000--42.xml
Herr andre vice talmannen MALMBORG (fp):,/content/corpus/protocols/1960/prot-1960-hÃ¶st-ak--27.xml
Herr EKINGE (fp) kort genmäle:,/content/corpus/protocols/1972/prot-1972--49.xml
"Chefen för socialdepartementet, herr statsrådet Möller, erhöll
            på begäran ordet och yttrade:",/content/corpus/protocols/1944/prot-1944--ak--27.xml
Herr Vennersten:,/content/corpus/protocols/1921/prot-1921--fk--17.xml
Herr Wigforss:,/content/corpus/protocols/1927/prot-1927--fk--34.xml
Anf. 316 RONNY OLANDER (s):,/content/corpus/protocols/200203/prot-200203--13.xml
"Chefen för finansdepartementet, herr statsrådet STRÄNG:",/content/corpus/protocols/1968/prot-1968--ak--28.xml
Anf. 3 Statsrådet NYAMKO SABUNI (FP):,/content/corpus/protocols/201112/prot-201112--101.xml
Anf. 10 BERT KARLSSON (nyd) replik:,/content/corpus/protocols/199192/prot-199192--11.xml
Anf. 192 JOHAN HEDIN (C):,/content/corpus/protocols/201617/prot-201617--92.xml
Anf. 295 LOTTA OLSSON (M) replik:,/content/corpus/protocols/202122/prot-202122--41.xml
Anf. 47 TOBIAS BILLSTRÖM (m) replik:,/content/corpus/protocols/200506/prot-200506--133.xml
Anf. 5 ELISABETH SVANTESSON (M) replik,/content/corpus/protocols/201516/prot-201516--43.xml
Anf. 22 JOAR FORSSELL (L) replik,/content/corpus/protocols/202021/prot-202021--50.xml
Anf. 34 Justitieminister GUN HELLSVIK,/content/corpus/protocols/199394/prot-199394--121.xml
Anf. 100 MARIA KORNEVIK-JAKOBSSON (c):,/content/corpus/protocols/200607/prot-200607--18.xml
Herr Laurén:,/content/corpus/protocols/1934/prot-1934--ak--37.xml
Anf. 3 Finansminister MAGDALENA ANDERSSON (S),/content/corpus/protocols/202021/prot-202021--72.xml
Herr PETRÉN (kort genmäle):,/content/corpus/protocols/1951/prot-1951-extrahÃ¶st-fk--28.xml
Anf. 12 GÖRAN MAGNUSSON (s) replik:,/content/corpus/protocols/200405/prot-200405--131.xml
Herr ÅKERLIND (m):,/content/corpus/protocols/1975/prot-1975--44.xml
Anf. 21 PÄR GRANSTEDT (c) replik:,/content/corpus/protocols/198889/prot-198889--129.xml
Anf. 57 Finansminister BOSSE RING-,/content/corpus/protocols/200102/prot-200102--79.xml
Herr GUSTAFSSON i Skellefteå (fp):,/content/corpus/protocols/1963/prot-1963--ak--4.xml
Herr Månsson i Furuvik:,/content/corpus/protocols/1928/prot-1928--ak--26.xml
Anf. 39 FÖRSTE VICE TALMANNEN:,/content/corpus/protocols/198889/prot-198889--12.xml
"Herr PETTERSSON, HARALD, (cp):",/content/corpus/protocols/1966/prot-1966--fk--12.xml
WINBERG (s):,/content/corpus/protocols/200203/prot-200203--49.xml
(m):,/content/corpus/protocols/199091/prot-199091--18.xml
Herr Bengtsson i Norup:,/content/corpus/protocols/1930/prot-1930--ak--41.xml
Herr Weijne:,/content/corpus/protocols/1934/prot-1934--ak--32.xml
Herr GÖRANSSON (fp):,/content/corpus/protocols/1953/prot-1953--fk--15.xml
Anf. 124 CLAES ROXBERGH (mp):,/content/corpus/protocols/198889/prot-198889--104.xml
Anf. 14 JULIA KRONLID (SD):,/content/corpus/protocols/201516/prot-201516--45.xml
Herr Lindley:,/content/corpus/protocols/1928/prot-1928--ak--35.xml
Anf. 35 FREDRIK SCHULTE (M):,/content/corpus/protocols/201415/prot-201415--64.xml
Herr GUSTAFSON i Göteborg (fp):,/content/corpus/protocols/1961/prot-1961--ak--11.xml
Herr ROMANUS (fp):,/content/corpus/protocols/1974/prot-1974--137.xml
Anf. 98 DAN ERICSSON (kd):,/content/corpus/protocols/19992000/prot-19992000--31.xml
"Herr Karlsson, Oscar Gottfrid:",/content/corpus/protocols/1939/prot-1939--fk--32.xml
Anf. 48 ELIN LUNDGREN (S):,/content/corpus/protocols/201213/prot-201213--94.xml
"Herr HANSON, PER-OLOF, (fp) fick nu ordet och anförde:",/content/corpus/protocols/1962/prot-1962-hÃ¶st-fk--28.xml
Anf. 23 DANIEL BÄCKSTRÖM (C) replik:,/content/corpus/protocols/202021/prot-202021--116.xml
Anf. 53 LAHJA EXNER (s):,/content/corpus/protocols/198687/prot-198687--94.xml
Anf. 104 JONAS ANDERSSON i Linköping (SD),/content/corpus/protocols/202021/prot-202021--14.xml
Anf. 65 OLA KARLSSON (m) replik:,/content/corpus/protocols/19992000/prot-19992000--12.xml
Herr Wallén:,/content/corpus/protocols/1933/prot-1933--ak--47.xml
Anf. 40 EMMA HULT (MP):,/content/corpus/protocols/201516/prot-201516--40.xml
Anf. 45 EMIL KÄLLSTRÖM (C) replik:,/content/corpus/protocols/201920/prot-201920--6.xml
"Herr JACOBSSON, PER, (fp):",/content/corpus/protocols/1970/prot-1970--fk--11.xml
Anf. 57 ANITA JOHANSSON (s) replik:,/content/corpus/protocols/199091/prot-199091--59.xml
SONJA FREDGARDH (c):,/content/corpus/protocols/197879/prot-197879--15.xml
Herr Bissmark:,/content/corpus/protocols/1931/prot-1931--fk--37.xml
Anf. 232 GEORG ANDERSSON (s):,/content/corpus/protocols/199192/prot-199192--83.xml
Anf. 30 GUSTAV PERSSON (s):,/content/corpus/protocols/198788/prot-198788--21.xml
"Herr NELANDER (fp), som yttrade:",/content/corpus/protocols/1962/prot-1962-hÃ¶st-ak--27.xml
"Herr Hansson, Sigfrid:",/content/corpus/protocols/1937/prot-1937--fk--12.xml
Anf. 102 MAGNUS JACOBSSON (KD):,/content/corpus/protocols/202021/prot-202021--94.xml
Anf. 67 Statsminister STEFAN LÖFVEN (S),/content/corpus/protocols/201718/prot-201718--45.xml
Anf. 94 CECILIA WIKSTRÖM (fp) replik:,/content/corpus/protocols/200506/prot-200506--92.xml
Anf. 14 EVA OLOFSSON (V):,/content/corpus/protocols/201314/prot-201314--101.xml
Anf. 17 Jordbruksminister MARGARETA WINBERG (s):,/content/corpus/protocols/199899/prot-199899--90.xml
Anf. 87 FÖRSTE VICE TALMANEN:,/content/corpus/protocols/199798/prot-199798--13.xml
Anf. 5 ULLA ANDERSSON (V) replik,/content/corpus/protocols/201819/prot-201819--48.xml
Anf. 81 CHRISTINE JÖNSSON (m) replik:,/content/corpus/protocols/200809/prot-200809--36.xml
Anf. 11 DANIEL RIAZAT (V) replik:,/content/corpus/protocols/202021/prot-202021--123.xml
Anf. 55 ROZA GÜCLÜ HEDIN (S),/content/corpus/protocols/201920/prot-201920--32.xml
Anf. 14 MARGÖ INGVARDSSON (vpk):,/content/corpus/protocols/198283/prot-198283--129.xml
Anf. 157 ALICE ÅSTRÖM (v):,/content/corpus/protocols/200304/prot-200304--100.xml
Anf. 39 CHRISTINA ÖRNEBJÄR (L):,/content/corpus/protocols/201516/prot-201516--32.xml
Anf. 21 ISABELLA HÖKMARK (M):,/content/corpus/protocols/201617/prot-201617--23.xml
Herr Spångberg:,/content/corpus/protocols/1934/prot-1934--ak--40.xml
Herr HANSSON (bf) erhöll på begäran ordet och yttrade:,/content/corpus/protocols/1957/prot-1957--ak--4.xml
Anf. 114 MARTIN NILSSON (s) replik:,/content/corpus/protocols/200405/prot-200405--99.xml
Anf. 109 TOMMY FRANZÉN (vpk):,/content/corpus/protocols/198788/prot-198788--126.xml
Anf. 251 ANNELIE ENOCHSON (kd) replik:,/content/corpus/protocols/200001/prot-200001--42.xml
Herr GUSTAFSON i kort genmäle:,/content/corpus/protocols/1965/prot-1965--ak--14.xml
Anf. 56 TORBJÖRN BJÖRLUND (v) replik:,/content/corpus/protocols/200607/prot-200607--98.xml
Anf. 30 ANITA JOHANSSON (s):,/content/corpus/protocols/198586/prot-198586--47.xml
Anf. 6 OLA JOHANSSON (C),/content/corpus/protocols/201516/prot-201516--109.xml
HOLM (s) replik:,/content/corpus/protocols/200102/prot-200102--95.xml
Anf. 45 SIGGE GODIN (fp) replik:,/content/corpus/protocols/199091/prot-199091--119.xml
Herr STAXÄNG (h):,/content/corpus/protocols/1956/prot-1956-hÃ¶st-ak--31.xml
Anf. 9 ULLA-BRITT ÅBARK (s):,/content/corpus/protocols/199192/prot-199192--100.xml
Herr KÄLLSTAD (fp):,/content/corpus/protocols/1969/prot-1969--ak--5.xml
Herr NYGREN (s) kort genmäle:,/content/corpus/protocols/1971/prot-1971--103.xml
Herr SVENSSON i Eskilstuna (s) kort genmäle:,/content/corpus/protocols/1972/prot-1972--54.xml
Fröken ELMÉN (fp):,/content/corpus/protocols/1955/prot-1955--ak--22.xml
STAFFAN BURENSTAM LINDER (m) kort genmäle:,/content/corpus/protocols/197879/prot-197879--102.xml
Anf. 31 Statsrådet MARIA LARSSON (kd):,/content/corpus/protocols/200708/prot-200708--133.xml
Anf. 101 JAMAL EL-HAJ (S),/content/corpus/protocols/201819/prot-201819--57.xml
Herr GRANSTEDT (c):,/content/corpus/protocols/1974/prot-1974--130.xml
Anf. 14 Industriministern THAGE PETERSON:,/content/corpus/protocols/198283/prot-198283--22.xml
"Chefen för jordbruksdepartementet, herr statsrådet STRÄNG:",/content/corpus/protocols/1951/prot-1951--ak--14.xml
Anf. 50 HENRIK WESTMAN (m) replik:,/content/corpus/protocols/200304/prot-200304--40.xml
Anf. 54 Jordbruksminister KARL ERIK OLSSON (c):,/content/corpus/protocols/199192/prot-199192--73.xml
Fru KRISTENSSON (m) kort genmäle:,/content/corpus/protocols/1974/prot-1974--67.xml
Anf. 113 EMANUEL ÖZ (S),/content/corpus/protocols/201516/prot-201516--65.xml
Herr SVENSSON i Malmö (vpk):,/content/corpus/protocols/1973/prot-1973--65.xml
Anf. 53 LARS SVENSSON (s) replik:,/content/corpus/protocols/198283/prot-198283--148.xml
Anf. 76 MARGARETA WINBERG (s):,/content/corpus/protocols/198283/prot-198283--111.xml
Herr HESSELBOM:,/content/corpus/protocols/1951/prot-1951--fk--21.xml
Herr Clemedtson:,/content/corpus/protocols/1926/prot-1926--fk--15.xml
Herr Bergman:,/content/corpus/protocols/1926/prot-1926--fk--28.xml
Herr statsrådet Wigforss:,/content/corpus/protocols/1945/prot-1945--fk--20.xml
"Hans excellens herr statsministern von Sydow: Jag skall, herr
            vice talman, utan att ingå i detaljer, tillåta mig att framställa
            några erinringar och reflektioner med anledning av vissa uttalanden,
            som gjorts under debatten.",/content/corpus/protocols/1921/prot-1921--ak--22.xml
Anf. 38 Statsminister STEFAN LÖFVEN (S):,/content/corpus/protocols/201415/prot-201415--53.xml
OLLE WÄSTBERG i Stockholm (fp):,/content/corpus/protocols/197980/prot-197980--106.xml
Herr SJÖDAHL:,/content/corpus/protocols/1952/prot-1952--fk--7.xml
Anf. 47 FREDRICK FEDERLEY (C) replik:,/content/corpus/protocols/201314/prot-201314--110.xml
Anf. 26 Näringsminister BJÖRN ROSEN-,/content/corpus/protocols/19992000/prot-19992000--50.xml
Anf. 178 KARIN ENSTRÖM (m):,/content/corpus/protocols/200910/prot-200910--32.xml
Anf. 4 Näringsminister MAUD OLOFSSON (c):,/content/corpus/protocols/200607/prot-200607--28.xml
Anf. 162 BIRGER SCHLAUG (mp):,/content/corpus/protocols/198889/prot-198889--12.xml
Anf. 32 MALIN DANIELSSON (L):,/content/corpus/protocols/202021/prot-202021--80.xml
Herr BJÖRKMAN (h):,/content/corpus/protocols/1962/prot-1962--ak--15.xml
Herr Alexanderson:,/content/corpus/protocols/1920/prot-1920--fk--52.xml
Herr ÖHVALL (fp):,/content/corpus/protocols/1966/prot-1966--ak--12.xml
Anf. 96 JESSIKA ROSWALL (M):,/content/corpus/protocols/201415/prot-201415--15.xml
Anf. 67 EVA HJELMSTRÖM (vpk):,/content/corpus/protocols/198182/prot-198182--134.xml
Anf. 129 ÅSA ROMSON (MP) replik:,/content/corpus/protocols/201011/prot-201011--25.xml
Anf. 15 ANN-CATHRINE HAGLUND (m):,/content/corpus/protocols/198687/prot-198687--57.xml
Anf. 17 Infrastrukturminister TOMAS ENEROTH (S):,/content/corpus/protocols/201819/prot-201819--109.xml
Anf. 158 BEATRICE ASK (m) replik:,/content/corpus/protocols/200203/prot-200203--37.xml
Anf. 95 NILS HÄGGSTRÖM (c) replik:,/content/corpus/protocols/198485/prot-198485--156.xml
Anf. 94 ANDERS ÅKESSON (C):,/content/corpus/protocols/201213/prot-201213--76.xml
Anf. 12 JESSICA ROSENCRANTZ (M):,/content/corpus/protocols/202021/prot-202021--10.xml
Anf. 1 ACKO ANKARBERG JOHANSSON (KD),/content/corpus/protocols/202122/prot-202122--8.xml
Anf. 70 Jordbruksminister ESKIL ERLANDSSON (c):,/content/corpus/protocols/200708/prot-200708--79.xml
Anf. 309 ANITA JÖNSSON (s):,/content/corpus/protocols/199798/prot-199798--54.xml
Jordbruksministern ANDERS DAHLGREN:,/content/corpus/protocols/197980/prot-197980--131.xml
Anf. 35 NIKLAS WYKMAN (M),/content/corpus/protocols/201516/prot-201516--49.xml
Herr HAMRIN i Jönköping (fp):,/content/corpus/protocols/1968/prot-1968--ak--14.xml
Anf. 155 MARIANNE ANDERSSON (c),/content/corpus/protocols/199596/prot-199596--6.xml
"Herr försvarsministern HOLMQVIST erhöll ordet för att i ett sammanhang
            besvara dels herr Hermanssons (vpk), dels herr Börjessons i Falköping
            (c) den 12 februari anmälda frågor, 1975/76:226 resp. 228, och
            anförde:",/content/corpus/protocols/197576/prot-197576--69.xml
Anf. 55 SUSANNE EBERSTEIN (s) replik:,/content/corpus/protocols/19992000/prot-19992000--44.xml
"Herr Nilsson, Johan, i Malmö:",/content/corpus/protocols/1927/prot-1927--fk--8.xml
Herr ERNULF (fp):,/content/corpus/protocols/1968/prot-1968--fk--29.xml
Anf. 110 JONAS SJÖSTEDT (V),/content/corpus/protocols/201718/prot-201718--56.xml
"Herr Hansson, Sigfrid:",/content/corpus/protocols/1936/prot-1936--fk--45.xml
Anf. 50 ROBERT HANNAH (L):,/content/corpus/protocols/201617/prot-201617--107.xml
Anf. 7 Statsrådet ANNA HEDBORG (s):,/content/corpus/protocols/199495/prot-199495--38.xml
Anf. 181 GUNILLA SVANTORP (S) replik,/content/corpus/protocols/201516/prot-201516--47.xml
Anf . 46 EDWARD RIEDL (M):,/content/corpus/protocols/201415/prot-201415--121.xml
Anf. 199 JOHAN FORSSELL (M):,/content/corpus/protocols/201314/prot-201314--11.xml
"Anf. 149 Arbetsmarknads- och etableringsminister YLVA JOHANSSON
            (S) replik",/content/corpus/protocols/201718/prot-201718--47.xml
Anf. I FÖRSTE VICE TALMANNEN:,/content/corpus/protocols/198788/prot-198788--102.xml
Herr TALMANNEN yttrade:,/content/corpus/protocols/1956/prot-1956--fk--11.xml
"Hans excellens herr ministern för utrikes ärendena Giinther,
            som enligt å föredragningslistan gjord anteckning komme att vid
            detta sammanträde besvara herr Wagnssons berörda frågor, erhöll
            ordet och anförde:",/content/corpus/protocols/1941/prot-1941--fk--13.xml
Anf. 40 INGEMAR ELIASSON (fp) replik:,/content/corpus/protocols/198485/prot-198485--34.xml
Anf. 33 HANS WALLMARK (M) replik:,/content/corpus/protocols/201819/prot-201819--52.xml
"Herr Ström, Fredrik:",/content/corpus/protocols/1942/prot-1942--fk--12.xml
Anf. 51 THURE JADESTIG (s):,/content/corpus/protocols/198283/prot-198283--32.xml
"Friherre De Geer: Herr talman! Jag begärde ordet då herr Ström
              yttrade sig. Jag anser liksom han att det är önskvärt att man
              icke genom sådana utskottsutlåtanden som detta alltför mycket
              binder pågående utredningar. Utskottets högt ärade ordförande
              förklarade visserligen, att utskottets ställningstagande icke
              kunde binda den pågående utredningen. Men det är väl ändå så,
              att man inom pågående utredningar brukar lyssna till vad som uttalas
              eller beslutas av riksdagens majoritet i olika frågor. Jag delar
              därför herr Ströms uppfattning, att det är önskvärt, att den pågående
              utredningen icke måtte känna sig bunden av någon viss ståndpunkt.",/content/corpus/protocols/1945/prot-1945--fk--13.xml
"Herr ANDERSSON, BIRGER, (s):",/content/corpus/protocols/1965/prot-1965--fk--18.xml
Anf. 7 Ekonomioch budgetministern ROLF WIRTÉN:,/content/corpus/protocols/198182/prot-198182--171.xml
Herr Lindqvist:,/content/corpus/protocols/1942/prot-1942--ak--11.xml
Herr Ossbahr:,/content/corpus/protocols/1936/prot-1936--ak--30.xml
"Utbildningsministern JAN-ERIK WIKSTRÖM erhöll ordet för att besvara
            Inga Lantz (vpk) den 22 november anmälda fråga, 1977/78:157, och
            anförde:",/content/corpus/protocols/197778/prot-197778--38.xml
Herr Törnkvist i Karlskrona:,/content/corpus/protocols/1929/prot-1929--ak--32.xml
Herr HELLBACKEN:,/content/corpus/protocols/1948/prot-1948--ak--9.xml
Anf. 42 LENA KLEVENÅS (s):,/content/corpus/protocols/199192/prot-199192--64.xml
Anf. 85 MARGARETA CEDERFELT (M) replik:,/content/corpus/protocols/201718/prot-201718--45.xml
Anf. 11 LOTTA FINSTORP (M),/content/corpus/protocols/201718/prot-201718--139.xml
Fru HAMRIN-THORELL (fp):,/content/corpus/protocols/1966/prot-1966--fk--10.xml
Anf. 81 LARS HJERTÉN (m) replik:,/content/corpus/protocols/19992000/prot-19992000--45.xml
Anf. 83 CHRISTER WINBÄCK (fp):,/content/corpus/protocols/200708/prot-200708--46.xml
"Herr LARSSON, NILS THEODOR, (cp) kort genmäle:",/content/corpus/protocols/1968/prot-1968--fk--25.xml
Anf. 142 JOHNNY SKALIN (SD):,/content/corpus/protocols/201112/prot-201112--99.xml
Herr Westman:,/content/corpus/protocols/1930/prot-1930--fk--22.xml
Herr ERIKSSON i Arvika (fp):,/content/corpus/protocols/1969/prot-1969--ak--20.xml
Fru KRISTENSSON (m) kort genmäle:,/content/corpus/protocols/197576/prot-197576--117.xml
Anf. 120 INGER RENÉ (m):,/content/corpus/protocols/200304/prot-200304--71.xml
Anf. 67 GULLAN LINDBLAD (m):,/content/corpus/protocols/198485/prot-198485--115.xml
Anf. 92 MARGIT GENNSER (m):,/content/corpus/protocols/199091/prot-199091--96.xml
Anf. 24 JONAS SJÖSTEDT (V) replik:,/content/corpus/protocols/201920/prot-201920--136.xml
Anf. 86 Socialminister BENGT WESTERBERG (fp):,/content/corpus/protocols/199394/prot-199394--47.xml
Anf. 26 AGNE HANSSON (c):,/content/corpus/protocols/198889/prot-198889--100.xml
Anf. 9 JONAS SJÖSTEDT (V):,/content/corpus/protocols/201011/prot-201011--19.xml
"Chefen för jordbruksdepartementet, herr statsrådet HOLMQVIST:",/content/corpus/protocols/1967/prot-1967-hÃ¶st-ak--38.xml
Anf. 101 HÅKAN SVENNELING (V) replik,/content/corpus/protocols/201920/prot-201920--110.xml
Herr OSVALD (fp):,/content/corpus/protocols/1953/prot-1953--fk--15.xml
"Herr förste vice talmannen erhöll på begäran ordet och anförde:
            Jag ber att få hemställa, herr talman, att kammaren måtte besluta,
            att första lagutskottets utlåtande nr 32, i anledning av dels
            Kungl. Maj:ts proposition med förslag till lag om uppläggande
            av nya fastighetsböcker för landet m. m., dels ock i ämnet väckta
            motioner, skall — bland två gånger bordlagda ärenden på morgondagens
            föredragningslista — sättas närmast före första lagutskottets
            utlåtande nr 33, i anledning av dels Kungl. Maj:ts proposition
            med förslag till lag om ändring i vissa delar av förordningen
            den 13 april 1883 angående förlagsinteckning, dels ock en i ämnet
            väckt motion.",/content/corpus/protocols/1932/prot-1932--fk--34.xml
Anf. 99 Försvarsministern TORSTEN GUSTAFSSON:,/content/corpus/protocols/198182/prot-198182--51.xml
Herr DAHLÉN (fp) kort genmäle:,/content/corpus/protocols/1956/prot-1956--ak--17.xml
Anf. 28 LARS-AXEL NORDELL (KD),/content/corpus/protocols/201516/prot-201516--121.xml
Anf. 6 GUNILLA CARLSSON i Tyresö (m) replik:,/content/corpus/protocols/200304/prot-200304--51.xml
Anf. 88 HÅKAN SVENNELING (V) replik:,/content/corpus/protocols/201718/prot-201718--88.xml
Anf. 158 OLA STRÖM (fp) replik:,/content/corpus/protocols/199697/prot-199697--78.xml
"Herr MANNERSKANTZ (kort genmä- 1e) : Jag vill endast fråga herr
              Ivar Persson, om han inte räknar med andra avdelningens ordförande,
              herr Svensson i Grönvik. Han är väl ingen nullitet. Han kan skriva
              avvikande meningar.",/content/corpus/protocols/1948/prot-1948--fk--30.xml
Anf. 96 JONAS SJÖSTEDT (V) replik:,/content/corpus/protocols/201112/prot-201112--57.xml
Anf. 194 PYRY NIEMI (S):,/content/corpus/protocols/201516/prot-201516--70.xml
Anf. 132 HILLEVI ENGSTRÖM (m) replik:,/content/corpus/protocols/200809/prot-200809--15.xml
Anf. 122 ELSE-MARIE LINDGREN (kd):,/content/corpus/protocols/200405/prot-200405--114.xml
Anf. 92 Industriminister IVAR NORDBERG:,/content/corpus/protocols/198889/prot-198889--82.xml
Anf. 24 BÖRJE NILSSON (s) replik,/content/corpus/protocols/199596/prot-199596--37.xml
Anf. 142 LARS MOQUIST (nyd) replik:,/content/corpus/protocols/199394/prot-199394--39.xml
Anf. 31 MÅRTEN WERNER (m):,/content/corpus/protocols/198081/prot-198081--17.xml
"Herr Ekman, Carl Gustaf:",/content/corpus/protocols/1926/prot-1926--fk--13.xml
LENNART BLOM (m) replik:,/content/corpus/protocols/197980/prot-197980--134.xml
Herr TOBÉ (fp) kort genmäle:,/content/corpus/protocols/1973/prot-1973--146.xml
Herr NILSSON i Tvärålund (cp):,/content/corpus/protocols/1966/prot-1966--ak--14.xml
Herr Wallén:,/content/corpus/protocols/1933/prot-1933--ak--42.xml
Anf. 163 OLLE GRAHN (fp):,/content/corpus/protocols/198384/prot-198384--167.xml
HELLSTRÖM (s),/content/corpus/protocols/199495/prot-199495--113.xml
Herr HELLSTRÖM (s):,/content/corpus/protocols/197576/prot-197576--48.xml
Herr KÄLLQVIST (fp):,/content/corpus/protocols/1963/prot-1963--fk--3.xml
Anf. 31 Finansminister BOSSE RING-,/content/corpus/protocols/200203/prot-200203--25.xml
Anf. 132 EVA HJELMSTRÖM (vpk):,/content/corpus/protocols/198283/prot-198283--44.xml
Anf. 64 Klimat- och miljöminister ÅSA ROMSON (MP),/content/corpus/protocols/201415/prot-201415--32.xml
Herr Bergman:,/content/corpus/protocols/1927/prot-1927--fk--30.xml
Anf. 65 GÖTHE KNUTSON (m):,/content/corpus/protocols/199798/prot-199798--42.xml
Anf. 67 LINDA LINDBERG (SD) replik:,/content/corpus/protocols/201819/prot-201819--87.xml
Herr BENGTSON (bf) kort genmäle:,/content/corpus/protocols/1957/prot-1957--fk--6.xml
Anf. 102 MARIE ENGSTRÖM (v):,/content/corpus/protocols/200809/prot-200809--125.xml
Anf. 3 FINN BENGTSSON (M):,/content/corpus/protocols/201213/prot-201213--120.xml
Anf. 126 ÅSA LINDESTAM (S) replik:,/content/corpus/protocols/201213/prot-201213--38.xml
Herr H a m rin:,/content/corpus/protocols/1920/prot-1920--ak--33.xml
Anf. 46 Statsrådet TOBIAS BILLSTRÖM (m):,/content/corpus/protocols/200708/prot-200708--64.xml
Anf. 74 STEN BERGHEDEN (M):,/content/corpus/protocols/201617/prot-201617--48.xml
Anf. 172 Statsrådet ULRICA MES-,/content/corpus/protocols/19992000/prot-19992000--33.xml
Anf. 21 Statsminister FREDRIK REINFELDT (M) replik:,/content/corpus/protocols/201314/prot-201314--108.xml
"Anf. 46 Arbetsmarknads- och etableringsminister YLVA JOHANSSON
            (S)",/content/corpus/protocols/201718/prot-201718--127.xml
Hans excellens herr ministern för utrikes ärendena UNDEN:,/content/corpus/protocols/1954/prot-1954--ak--21.xml
Herr AHLSTEN (fp):,/content/corpus/protocols/1955/prot-1955-hÃ¶st-ak--32.xml
Anf. 116 Utrikesminister MARGOT WALLSTRÖM (S),/content/corpus/protocols/201415/prot-201415--97.xml
Anf. 66 Finansminister BOSSE RING-,/content/corpus/protocols/19992000/prot-19992000--107.xml
"Herr statsrådet Pehrsson-Bramstorp: Herr talman! Jag vågar starkt
              betvivla, att det recept skulle vara riktigt, som den siste ärade
              talaren anvisade för reglering av hästimporten eller produktion
              av tillräckligt antal hästar. Jag tror att det med hästproduktionen
              förhåller sig på det sättet, att om priserna äro höga, så ökar
              produktionen, och det finnes ingen organisation eller sammanslutning,
              som på något sätt kan bemästra detta. När sedan produktionen blivit
              tillräckligt stor, inträffar ett prisfall.",/content/corpus/protocols/1937/prot-1937--fk--18.xml
Herr SVENINGSSON (h):,/content/corpus/protocols/1965/prot-1965--fk--23.xml
Herr Blombäck:,/content/corpus/protocols/1942/prot-1942--ak--12.xml
Anf. 105 JESPER SKALBERG KARLSSON (M),/content/corpus/protocols/201617/prot-201617--116.xml
Anf. 181 MONA SAHLIN (s):,/content/corpus/protocols/199192/prot-199192--47.xml
Herr REGNÉLL (m):,/content/corpus/protocols/1972/prot-1972--82.xml
STRÖM (s):,/content/corpus/protocols/200102/prot-200102--55.xml
Anf. 91 ROGER HADDAD (L):,/content/corpus/protocols/202021/prot-202021--142.xml
Anf. 135 BENGT SILFVERSTRAND (s) replik:,/content/corpus/protocols/198788/prot-198788--129.xml
Anf. 285 Statsrådet BRITTA LEJON (s) replik:,/content/corpus/protocols/200001/prot-200001--52.xml
Anf. 15 MIKAEL DAMBERG (s):,/content/corpus/protocols/200506/prot-200506--123.xml
Chefen för jordbruksdepartementet herr statsrådet Linders:,/content/corpus/protocols/1923/prot-1923--ak--17.xml
Anf. 16 ALLAN WIDMAN (FP):,/content/corpus/protocols/201415/prot-201415--121.xml
Anf. 33 Näringsminister MAUD OLOFSSON (c):,/content/corpus/protocols/200607/prot-200607--66.xml
Chefen för kommunikationsdepartementet herr statsrådet M u rray:,/content/corpus/protocols/1921/prot-1921--ak--4.xml
Anf. 97 Miljöminister ANNA LINDH (s):,/content/corpus/protocols/199697/prot-199697--74.xml
Anf. 3 LARS-OVE HAGBERG (vpk):,/content/corpus/protocols/198687/prot-198687--104.xml
Herr WESTBERG (fp):,/content/corpus/protocols/1962/prot-1962--ak--23.xml
Anf. 170 HUGO HEGELAND (m):,/content/corpus/protocols/198788/prot-198788--43.xml
Herr SVENNING (s) kort genmäle:,/content/corpus/protocols/1969/prot-1969--ak--28.xml
Herr Herlitz:,/content/corpus/protocols/1940/prot-1940-urtima-fk--3.xml
Anf. 2 ROLF KENNERYD (c):,/content/corpus/protocols/199798/prot-199798--39.xml
Anf. 13 Tredje vice talman HELENA HÖIJ (kd) replik:,/content/corpus/protocols/200506/prot-200506--120.xml
Anf. 8 Utrikesminister MARGOT WALLSTRÖM (S),/content/corpus/protocols/201617/prot-201617--127.xml
Utbildningsminister BENGT GÖRANSSON:,/content/corpus/protocols/198990/prot-198990--20.xml
Anf. 87 INGVAR SVENSSON (kd) replik:,/content/corpus/protocols/200405/prot-200405--72.xml
Herr GUSTAFSON i Göteborg (fp) kort genmäle:,/content/corpus/protocols/1964/prot-1964-hÃ¶st-ak--35.xml
"Herr socialministern ASPLING erhöll ordet för att besvara herr
            Hagbergs (vpk) i kammarens protokoll för den 4 februari intagna
            fråga, nr 48, och anförde:",/content/corpus/protocols/1971/prot-1971--27.xml
Anf. 67 LOTTA N HEDSTRÖM (mp),/content/corpus/protocols/200102/prot-200102--97.xml
Herr WERNER:,/content/corpus/protocols/1951/prot-1951--fk--13.xml
Anf. 51 Justitieminister THOMAS BODSTRÖM (s) replik:,/content/corpus/protocols/200102/prot-200102--115.xml
Anf. 95 JONAS SJÖSTEDT (V):,/content/corpus/protocols/201011/prot-201011--36.xml
"Herr PERSSON, YNGVE, (s):",/content/corpus/protocols/1967/prot-1967--fk--26.xml
Anf. 51 JASENKO OMANOVIC (S):,/content/corpus/protocols/201415/prot-201415--85.xml
Herr Lindhagen:,/content/corpus/protocols/1936/prot-1936--fk--14.xml
Anf. 44 STAFFAN DANIELSSON (C):,/content/corpus/protocols/201314/prot-201314--78.xml
Anf. 33 Socialminister LENA HALLENGREN (S),/content/corpus/protocols/201920/prot-201920--143.xml
Anf. 57 KURT HUGOSSON (s) replik:,/content/corpus/protocols/198687/prot-198687--7.xml
Herr LOTHIGIUS (m):,/content/corpus/protocols/1973/prot-1973--47.xml
Anf. 3 ANNE LUDVIGSSON (s):,/content/corpus/protocols/200607/prot-200607--118.xml
Fröken LILJEDAHL:,/content/corpus/protocols/1952/prot-1952--ak--12.xml
Anf. 85 Utbildningsminister GUSTAV FRIDOLIN (MP),/content/corpus/protocols/201718/prot-201718--4.xml
Herr SVANSTRÖM (cp):,/content/corpus/protocols/1970/prot-1970--fk--26.xml
Herr jordbruksministern BENGTSSON:,/content/corpus/protocols/1971/prot-1971--85.xml
Herr Åkerman:,/content/corpus/protocols/1933/prot-1933--fk--9.xml
Herr SUNNE (fp) kort genmäle:,/content/corpus/protocols/1959/prot-1959--fk--18.xml
Herr statsrådet MOBERG:,/content/corpus/protocols/1967/prot-1967-hÃ¶st-ak--51.xml
Anf. 147 WIVI-ANNE RADESJÖ (s):,/content/corpus/protocols/198687/prot-198687--99.xml
Anf. 2 PIA NILSSON (S):,/content/corpus/protocols/201213/prot-201213--8.xml
Herr HAGLUND (s):,/content/corpus/protocols/1971/prot-1971--147.xml
Anf. 59 Statsrådet BENGT LINDQVIST:,/content/corpus/protocols/198687/prot-198687--64.xml
Anf. 77 Statsrådet BO LUNDGREN (m):,/content/corpus/protocols/199394/prot-199394--77.xml
Anf. 32 LISA MATTSON (s):,/content/corpus/protocols/198283/prot-198283--86.xml
Anf. 113 MARIA WETTERSTRAND (mp),/content/corpus/protocols/200102/prot-200102--77.xml
Anf. 72 LARRY SÖDER (KD),/content/corpus/protocols/201920/prot-201920--23.xml
Anf. 48 LUDVIG ASPLING (SD),/content/corpus/protocols/202122/prot-202122--21.xml
Anf. 158 PETER PEDERSEN (v) replik:,/content/corpus/protocols/19992000/prot-19992000--20.xml
WINBERG (s),/content/corpus/protocols/199495/prot-199495--108.xml
Herr WIKLUND i Stockholm (fp):,/content/corpus/protocols/1967/prot-1967--ak--17.xml
Herr DAHLBERG (s):,/content/corpus/protocols/1973/prot-1973--16.xml
Anf. 16 LENNART ALSÉN (fp) replik:,/content/corpus/protocols/198788/prot-198788--111.xml
Anf. 191 Kommunikationsminister GEORG,/content/corpus/protocols/199091/prot-199091--115.xml
Anf.79 Socialminister BENGT,/content/corpus/protocols/199192/prot-199192--115.xml
Herr Tamm:,/content/corpus/protocols/1932/prot-1932--fk--25.xml
Herr Holmgren:,/content/corpus/protocols/1921/prot-1921--ak--46.xml
Anf. 57 OLLE SCHMIDT (fp):,/content/corpus/protocols/199293/prot-199293--121.xml
"Ordet lämnades på begäran till herr Lindhagen, som anförde: Herr
            tal- Interpellation man, jag skall be att få framställa en liten
            interpellation. ng, Milan. Genom förordningen den 24 januari 1777
            föreskrevs, att liken efter alla tl de anasjälvspillingar inom
            sju mils distrikt skulle utlämnas till anatomiska institutomiska
            institionen i Uppsala. Liknande bestämmelser utfärdades för Stockholm
            den 27 juli tutionerna. 1814 samt för Lund den 27 november 1816,
            den 3 mars 1837 och den 24 mars 1865. Länsstyrelsen i Uppsala
            påkallade år 1907 ändring i dessa bestämmelser, men utan verkan.
            År 1910 hänvände sig folkskolläraren A. Rosén i Hällestad till
            justitieombudsmannen. En skriftväxling uppstod, och år 1911 framlade
            medicinalstyrelsen förslag till ny kungörelse angående liks tillhandahållande
            åt de anatomiska institutionerna. I detta förslag voro lik efter
            självspillingar frigivna. Även detta förslag ledde ej till något.
            År 1921 tillkallade ecklesiastikministern professor I. Broman
            för att verkställa ny utredning i ämnet. Denna, som framlades
            i december 1922, innefattade jämväl förslag rörande anskaffande
            av lik för den för läkarutbildningen nödvändiga anatomiska undervisningen.
            Detta förslag avlyste likaledes rätten till självspillingars lik.
            Det borttog också de anatomiska institutionernas rätt till liken
            efter självspillingar. Det anmärkes i utredningen, att i intet
            av de många främmande länder, som gjorts till föremål för undersökning,
            självspil- SERA a till dissektion, då anförvanter önska omhändertaga
            och begrava en döde. eg heller professor Bromans betänkande har
            hitintills lett till något resultat. I november 1929 ingick professor
            Robin Fåhreus till medicinska fakulteten i Uppsala med påminnelse
            om Bromans förslag, men hitintills utan verkan. Anledningen till
            påminnelserna mot de gamla författningarna voro, att de i och
            för sig voro föråldrade samt ofta gåvo upphov till de mest upprörande
            scener, då anförvanter vägrades att taga hand om och begrava de
            döda. Ganska nyligen har sådant inträffat. Vederbörande vägra
            att utlämna de döda kropparna till anförvanter eller låta med
            våld röva dem från släktingarna. Ibland lär det tillgå så, att
            en formell jordfästning äger rum, men sedan upphämtas i tysthet
            den döda kroppen ur graven. Det förtjänar erinras, att genom lagen
            den 18 december 1908 upphävts förutvarande bestämmelser om självspillingars
            jordfästning i stillhet. På grund av dessa åberopade förhållanden
            medgav första kammaren vid 1930 års riksdag en interpellations
            framställande. I följd av den då sittande regeringens hastiga
            avgång medhanns ej något svar. Jag hemställer därföre ånyo om
            kammarens tillstånd att få till ecklesiastikministern framställa
            föl- Jande spörsmål: När kan från regeringens sida förväntas initiativ
            till upphävande av gällande bestämmelser om att lik efter självspillingar
            skola utlämnas till de anatonian ingtkntionemna vid de medicinska
            fakulteterna i Uppsala, Stockholm och Lund? a",/content/corpus/protocols/1931/prot-1931--fk--6.xml
Anf. 137 GUNNAR SANDBERG (S):,/content/corpus/protocols/201314/prot-201314--25.xml
Anf. 6 ANA MARIA NARTI (fp):,/content/corpus/protocols/200405/prot-200405--62.xml
Anf. 49 Statsrådet ANDERS YGEMAN (S):,/content/corpus/protocols/201516/prot-201516--97.xml
Fru LUNDBLAD (s):,/content/corpus/protocols/1972/prot-1972--147.xml
Herr HERMANSSON (vpk):,/content/corpus/protocols/1975/prot-1975--27.xml
Herr MAGNUSSON i Borås (m):,/content/corpus/protocols/1974/prot-1974--49.xml
Anf. 32 ERIK BENGTZBOE (M) replik,/content/corpus/protocols/201718/prot-201718--50.xml
Anf. 81 Statsrådet ÅSA TORSTENSSON (c):,/content/corpus/protocols/200809/prot-200809--70.xml
Kommunikationsministern ULF ADELSOHN:,/content/corpus/protocols/197980/prot-197980--54.xml
Herr STÅHLE (ss):,/content/corpus/protocols/1970/prot-1970--fk--22.xml
Anf. 49 Civilminister MARITA ULVSKOG (s):,/content/corpus/protocols/199495/prot-199495--27.xml
Herr JOHANSSON i kort genmäle:,/content/corpus/protocols/1968/prot-1968-hÃ¶st-ak--41.xml
Anf. 64 LARS ERNESTAM (fp):,/content/corpus/protocols/199091/prot-199091--106.xml
Anf. 160 SONJA REMBO (m) replik:,/content/corpus/protocols/199394/prot-199394--121.xml
Anf. 223 PER BOLUND (mp):,/content/corpus/protocols/200708/prot-200708--87.xml
Herr Västberg:,/content/corpus/protocols/1934/prot-1934--fk--27.xml
Anf. 49 OSWALD SÖDERQVIST (vpk) replik:,/content/corpus/protocols/198384/prot-198384--163.xml
Anf. 59 SOFIA ARKELSTEN (M) replik:,/content/corpus/protocols/201516/prot-201516--45.xml
Anf. 174 Statsrådet CATHARINA ELMSÄTER-SVÄRD (M) replik:,/content/corpus/protocols/201213/prot-201213--43.xml
Anf. 55 KERSTIN LUNDGREN (c) replik:,/content/corpus/protocols/200304/prot-200304--129.xml
Anf. 83 CLAUS ZAAR (nyd):,/content/corpus/protocols/199293/prot-199293--101.xml
Anf. 53 Statsrådet SVEN-ERIK BUCHT (S),/content/corpus/protocols/201718/prot-201718--105.xml
Herr BRACONIER (h):,/content/corpus/protocols/1955/prot-1955--ak--20.xml
Herr Malmborg i Skövde:,/content/corpus/protocols/1945/prot-1945--ak--21.xml
Anf. 11 JONAS RINGQVIST (v) replik:,/content/corpus/protocols/199899/prot-199899--39.xml
Anf. 73 JIMMIE ÅKESSON (SD) replik:,/content/corpus/protocols/201819/prot-201819--88.xml
Herr ELMGREN (s):,/content/corpus/protocols/1953/prot-1953--fk--22.xml
Herr NILSSON i Göingegården (h):,/content/corpus/protocols/1959/prot-1959--ak--22.xml
Anf. 14 ALLAN EKSTRÖM (m):,/content/corpus/protocols/198788/prot-198788--133.xml
Anf. 187 REYNOLDH FU-RUSTRAND (s):,/content/corpus/protocols/199899/prot-199899--66.xml
"Chefen för finansdepartementet, herr statsrådet STRÄNG:",/content/corpus/protocols/1963/prot-1963--ak--26.xml
Herr SÖDERBERG (s):,/content/corpus/protocols/1963/prot-1963--fk--7.xml
Herr NORDSTRANDH (m):,/content/corpus/protocols/1971/prot-1971--90.xml
Fru NETTELBRANDT (fp) kort genmäle:,/content/corpus/protocols/1970/prot-1970--ak--24.xml
Herr KRISTENSSON i Osby (fp) kort genmäle:,/content/corpus/protocols/1954/prot-1954--ak--24.xml
Anf. 88 Utbildningsminister THOMAS ÖSTROS (s):,/content/corpus/protocols/200304/prot-200304--64.xml
Anf. 40 Näringsminister MAUD OLOFSSON (c):,/content/corpus/protocols/200910/prot-200910--127.xml
Anf. 41 Socialförsäkringsminister ANNIKA STRANDHÄLL (S) replik:,/content/corpus/protocols/201415/prot-201415--37.xml
"Fru statsrådet SIGURDSEN erhöll ordet för att besvara herr Hermanssons
            (vpk) i kammarens protokoll för den 23 oktober intagna fråga,
            nr 276, till herr utrikesministern, och anförde:",/content/corpus/protocols/1974/prot-1974--111.xml
Anf. 56 BENGT WITTBOM (m):,/content/corpus/protocols/199192/prot-199192--28.xml
Anf. 105 Närings- och innovationsminister MIKAEL DAMBERG (S),/content/corpus/protocols/201415/prot-201415--110.xml
Anf. 37 ELVER JONSSON (fp),/content/corpus/protocols/199596/prot-199596--96.xml
Herr JÖNSSON i Jämtlands Sikås (fp):,/content/corpus/protocols/1958/prot-1958-a-ak--14.xml
Anf. 19 PER BILL (m):,/content/corpus/protocols/200102/prot-200102--29.xml
Anf. 89 FREDRIK SCHULTE (M):,/content/corpus/protocols/201415/prot-201415--77.xml
Anf. 64 MARIETTA DE POURBAIX-LUNDIN (m) replik:,/content/corpus/protocols/199697/prot-199697--81.xml
Anf. 28 PER LANDGREN (kd) replik:,/content/corpus/protocols/200203/prot-200203--40.xml
LARS-ERIK LÖVDÉN (s):,/content/corpus/protocols/198990/prot-198990--44.xml
Anf. 57 ANGELICA LUNDBERG (SD),/content/corpus/protocols/201819/prot-201819--85.xml
TORE CLAESON (vpk):,/content/corpus/protocols/197980/prot-197980--39.xml
Anf. 34 LARS SUNDIN (fp):,/content/corpus/protocols/198788/prot-198788--122.xml
Herr BENGTSON (cp):,/content/corpus/protocols/1968/prot-1968--fk--22.xml
Anf. 39 Näringsminister IBRAHIM BAYLAN (S),/content/corpus/protocols/201920/prot-201920--63.xml
Anf. 18 LARS TOBISSON (m):,/content/corpus/protocols/199697/prot-199697--60.xml
Anf. 36 JÖRGEN BERGLUND (M):,/content/corpus/protocols/201920/prot-201920--10.xml
Herr LINDAHL i Hamburgsund (fp):,/content/corpus/protocols/197576/prot-197576--113.xml
Anf. 10 MONICA GREEN (S):,/content/corpus/protocols/201011/prot-201011--127.xml
Anf. 29 ULLA-BRITT HAGSTRÖM (kd):,/content/corpus/protocols/199899/prot-199899--90.xml
Anf. 20 LARS TYSKLIND (fp):,/content/corpus/protocols/200708/prot-200708--70.xml
Anf. 56 CLAES ELMSTEDT (c):,/content/corpus/protocols/198283/prot-198283--54.xml
Herr ANDRE VICE TALMANNEN:,/content/corpus/protocols/1949/prot-1949-hÃ¶st-fk--28.xml
Anf. 69 LARS-AXEL NORDELL (kd):,/content/corpus/protocols/200809/prot-200809--120.xml
Anf. 146 BEATRICE ASK (M) replik,/content/corpus/protocols/201819/prot-201819--31.xml
Herr STJERNSTRÖM (c) kort genmäle:,/content/corpus/protocols/1973/prot-1973--66.xml
ARNE ANDERSSON i Ljung (m) replik:,/content/corpus/protocols/198990/prot-198990--46.xml
"Herr Johansson, Johan Bernhard:",/content/corpus/protocols/1943/prot-1943--fk--24.xml
Anf. 201 GÖRAN PERSSON i Simrishamn (s):,/content/corpus/protocols/200304/prot-200304--84.xml
Herr ÅNGSTRÖM (fp):,/content/corpus/protocols/1972/prot-1972--20.xml
Herr Janson i Frändesta:,/content/corpus/protocols/1946/prot-1946--ak--31.xml
Anf. 109 JAN BJÖRKLUND (L) replik,/content/corpus/protocols/201516/prot-201516--51.xml
Herr Nilsson i Landeryd:,/content/corpus/protocols/1922/prot-1922--ak--40.xml
Anf. 82 BARBRO WESTERHOLM (L) replik,/content/corpus/protocols/201617/prot-201617--108.xml
Anf. 71 ROLAND UTBULT (KD),/content/corpus/protocols/201819/prot-201819--64.xml
"Herr Anderson i Norrköping, som jämväl för kort genmäle erhöll
            ordet, yttrade:",/content/corpus/protocols/1938/prot-1938--ak--39.xml
Anf. 91 INGBRITT IRHAMMAR (c):,/content/corpus/protocols/199192/prot-199192--125.xml
PÄR GRANSTEDT (c):,/content/corpus/protocols/197879/prot-197879--78.xml
WALLÉN (s),/content/corpus/protocols/199495/prot-199495--105.xml
Anf. 92 BERIT HÖGMAN (s):,/content/corpus/protocols/200708/prot-200708--135.xml
"Chefen för handelsdepartementet, herr statsrådet ERICSSON:",/content/corpus/protocols/1954/prot-1954--ak--15.xml
Anf. 36 GÖREL BOHLIN (m) replik:,/content/corpus/protocols/198283/prot-198283--111.xml
Anf. 129 MARIE-ANN JOHANSSON (vpk):,/content/corpus/protocols/198283/prot-198283--149.xml
Anf. 101 Statsminister GÖRAN PERSSON (s):,/content/corpus/protocols/199798/prot-199798--66.xml
Anf. 29 Bostadsminister HANS GUSTAFSSON:,/content/corpus/protocols/198788/prot-198788--15.xml
Anf. 23 BJÖRN SÖDER (SD) replik:,/content/corpus/protocols/201718/prot-201718--96.xml
Herr statsministern PALME:,/content/corpus/protocols/1972/prot-1972--14.xml
Anf. 51 NINA LUNDSTRÖM (fp):,/content/corpus/protocols/200304/prot-200304--58.xml
Anf. 77 Arbetsmarknadsministern INGEMAR ELIASSON:,/content/corpus/protocols/198182/prot-198182--33.xml
Herr Borell:,/content/corpus/protocols/1935/prot-1935--fk--29.xml
Anf. 56 Statsrådet BIRGITTA DAHL:,/content/corpus/protocols/198485/prot-198485--63.xml
Anf. 75 BORIANA ÅBERG (m):,/content/corpus/protocols/200809/prot-200809--103.xml
Anf. 34 JENS HOLM (V) replik:,/content/corpus/protocols/201011/prot-201011--73.xml
Herr SUNDIN (cp) kort genmäle:,/content/corpus/protocols/1966/prot-1966-hÃ¶st-fk--35.xml
Anf. 184 LENNART BEIJER (v):,/content/corpus/protocols/199495/prot-199495--45.xml
Anf. 5 Socialminister LARS ENGQVIST (s):,/content/corpus/protocols/199899/prot-199899--64.xml
Anf. 178 Kulturminister MARGOT,/content/corpus/protocols/199596/prot-199596--18.xml
Herr BRACONIER:,/content/corpus/protocols/1952/prot-1952-hÃ¶st-ak--30.xml
Anf. 2 MICHAEL SVENSSON (M),/content/corpus/protocols/201617/prot-201617--15.xml
Herr WERBRO (fp):,/content/corpus/protocols/1967/prot-1967-hÃ¶st-ak--42.xml
Anf. 91 HANS WALLMARK (M) replik:,/content/corpus/protocols/201920/prot-201920--51.xml
Anf. 125 OLOF JOHANSSON (c) replik,/content/corpus/protocols/199596/prot-199596--77.xml
Anf. 55 Statsrådet PER BOLUND (MP):,/content/corpus/protocols/201617/prot-201617--101.xml
Anf. 116 SVEN-ERIK BUCHT (S):,/content/corpus/protocols/201011/prot-201011--41.xml
Anf. 70 RICKARD NORDIN (C) replik:,/content/corpus/protocols/201718/prot-201718--130.xml
Herr Lindhagen:,/content/corpus/protocols/1920/prot-1920--fk--29.xml
Anf. 114 ANNIKA QARLSSON (c) replik:,/content/corpus/protocols/200809/prot-200809--51.xml
"Herr Ekman, Carl Gustaf:",/content/corpus/protocols/1925/prot-1925--fk--36.xml
Fröken WETTERSTRÖM (h):,/content/corpus/protocols/1956/prot-1956--ak--19.xml
Fröken LJUNGBERG (h):,/content/corpus/protocols/1963/prot-1963--fk--26.xml
Herr VIRGIN (h):,/content/corpus/protocols/1963/prot-1963-hÃ¶st-fk--35.xml
Anf. 1 LISELOTT HAGBERG (fp):,/content/corpus/protocols/200506/prot-200506--121.xml
Anf. 28 TUVE SKÅNBERG (kds):,/content/corpus/protocols/199495/prot-199495--38.xml
"Chefen för jordbruksdepartementet, herr statsrådet STRÄNG:",/content/corpus/protocols/1950/prot-1950-hÃ¶st-ak--31.xml
Herr statsrådet Möller:,/content/corpus/protocols/1926/prot-1926--fk--21.xml
Herr Lindqvist:,/content/corpus/protocols/1920/prot-1920--fk--63.xml
Anf. 147 GÖTE JONSSON (m):,/content/corpus/protocols/199394/prot-199394--58.xml
Herr Linder:,/content/corpus/protocols/1930/prot-1930--fk--9.xml
"Fru MARKLUND (vpk), som yttrade:",/content/corpus/protocols/1968/prot-1968--ak--17.xml
Herr Tiällgren:,/content/corpus/protocols/1932/prot-1932--fk--42.xml
Anf. 161 ULF NILSSON (fp):,/content/corpus/protocols/200708/prot-200708--115.xml
Anf. 5 Finansminister KJELL-OLOF FELDT:,/content/corpus/protocols/198687/prot-198687--68.xml
Herr Eriksson i Grängesberg:,/content/corpus/protocols/1921/prot-1921--ak--50.xml
"Härefter lämnades ordet till herr Andersson i Stockholm, som
            anförde: Jag skall be att beträffande morgondagens föredragningslista
            få föreslå, att statsutskottets utlåtanden nr 56 och 57 måtte
            placeras närmast före statsutskottets utlåtande nr 4, då ärendena
            i de båda förstnämnda utlåtandena äro av den art, att de lämpligast
            böra behandlas före eller i samband med statsutskottets utlåtande
            nr 4 och alltså dels med hänsyn därtill, dels med hänsyn till
            kammarens tid böra föredragas i en följd.",/content/corpus/protocols/1933/prot-1933--ak--33.xml
Anf. 50 GÖTE JONSSON (m) replik:,/content/corpus/protocols/199899/prot-199899--39.xml
Anf. 31 Statsrådet MIKAEL DAMBERG (S),/content/corpus/protocols/202021/prot-202021--86.xml
Fru RYDING (k):,/content/corpus/protocols/1964/prot-1964--ak--20.xml
Anf. 27 OLLE ÖSTRAND (s):,/content/corpus/protocols/199091/prot-199091--31.xml
Anf. 2 TYRA JOHANSSON (s):,/content/corpus/protocols/198081/prot-198081--81.xml
Herr ZACHRISSON (s) kort genmäle:,/content/corpus/protocols/1972/prot-1972--56.xml
WALLÉN (s):,/content/corpus/protocols/200001/prot-200001--84.xml
Anf. 33 LARS TYSKLIND (FP) replik:,/content/corpus/protocols/201314/prot-201314--130.xml
"Fru Nordgren, som på begäran erhöll ordet för kort genmäle, anförde:",/content/corpus/protocols/1946/prot-1946--ak--27.xml
Anf. 2 LENNART BRUNANDER (c):,/content/corpus/protocols/198081/prot-198081--34.xml
Anf. 44 HÅKAN SVENNELING (V):,/content/corpus/protocols/201516/prot-201516--88.xml
Anf. 29 Finansminister ANDERS BORG (m):,/content/corpus/protocols/200708/prot-200708--34.xml
Anf. I TALMANNEN:,/content/corpus/protocols/198889/prot-198889--30.xml
Anf. 14 Jordbruksminister MARGARETA WINBERG (s):,/content/corpus/protocols/200001/prot-200001--106.xml
Anf. 95 GUNNAR ANDRÉN (FP) replik:,/content/corpus/protocols/201011/prot-201011--65.xml
Herr ENSKOG (fp):,/content/corpus/protocols/1966/prot-1966--ak--14.xml
"Anf. 81 ARNE ANDERSSON i Ljung (m): Herr talman! Om riksdagen,
              då den om några timmar går till beslut följer",/content/corpus/protocols/198485/prot-198485--110.xml
Herr HERLITZ (h):,/content/corpus/protocols/1953/prot-1953--fk--15.xml
Anf. 104 PENILLA GUNTHER (KD):,/content/corpus/protocols/201112/prot-201112--87.xml
Anf. 146 Utbildnings- och kulturminister LEIF PAGROTSKY (s) replik:,/content/corpus/protocols/200506/prot-200506--77.xml
Anf. 66 TORE CLAESON (vpk):,/content/corpus/protocols/198788/prot-198788--118.xml
Anf. 112 DÉSIRÉE PETHRUS ENGSTRÖM (kd) replik:,/content/corpus/protocols/200607/prot-200607--84.xml
Anf. 86 FREDRIK SCHULTE (M):,/content/corpus/protocols/201213/prot-201213--85.xml
Anf. 116 JULIA KRONLID (SD) replik,/content/corpus/protocols/201415/prot-201415--83.xml
"Chefen för kommunikationsdepartementet, herr statsrådet NILSSON:",/content/corpus/protocols/1951/prot-1951--ak--10.xml
"Herr JOHANSSON i Norrköping (s), som yttrade:",/content/corpus/protocols/1963/prot-1963--ak--4.xml
Anf. 20 Näringsminister MAUD OLOFSSON (c):,/content/corpus/protocols/200809/prot-200809--127.xml
Herr kommunikationsministern NORLING:,/content/corpus/protocols/197576/prot-197576--116.xml
Herr Frändén:,/content/corpus/protocols/1933/prot-1933--fk--40.xml
Anf. 27 NILS BERNDTSON (vpk) replik:,/content/corpus/protocols/198182/prot-198182--92.xml
"Herr SKOGLUND i Umeå, som anförde:",/content/corpus/protocols/1948/prot-1948--ak--4.xml
Herr statsrådet EDENMAN:,/content/corpus/protocols/1960/prot-1960-hÃ¶st-fk--24.xml
Anf. 28 GÖSTA ANDERSSON (ec) replik:,/content/corpus/protocols/198081/prot-198081--135.xml
Anf. 33 HARRY STAAF (kds):,/content/corpus/protocols/199293/prot-199293--44.xml
Anf. 29 ANNELIE KARLSSON (S):,/content/corpus/protocols/201718/prot-201718--8.xml
Anf. 28 GÖTE JONSSON (m):,/content/corpus/protocols/199394/prot-199394--109.xml
Fröken ANDERSSON (h):,/content/corpus/protocols/1955/prot-1955--fk--9.xml
Herr Aronson:,/content/corpus/protocols/1930/prot-1930--ak--37.xml
Herr Pettersson i Hällbacken:,/content/corpus/protocols/1936/prot-1936--ak--26.xml
Anf. 69 MARGARETA CEDERFELT (m):,/content/corpus/protocols/200001/prot-200001--54.xml
Herr Tjällgren:,/content/corpus/protocols/1924/prot-1924--fk--45.xml
Anf. 115 EMIL KÄLLSTRÖM (C) replik,/content/corpus/protocols/201415/prot-201415--86.xml
Anf. 131 LARS GUSTAFSSON (kd) 58,/content/corpus/protocols/199899/prot-199899--37.xml
Anf. 153 BIRGER HAGÅRD (m):,/content/corpus/protocols/199192/prot-199192--128.xml
Herr SJÖDAHL:,/content/corpus/protocols/1949/prot-1949--fk--13.xml
"Greve Lagerbjelke: Herr talman! Jag har begärt ordet för att
            instämma med greve Spens och herr Ekman i deras uttalanden angående
            rätten att göra fideikommiss av vissa samlingar.",/content/corpus/protocols/1930/prot-1930--fk--18.xml
Herr ANDERSON i Sundsvall (fp):,/content/corpus/protocols/1968/prot-1968--ak--14.xml
Herr BOHMAN (m) kort genmäle:,/content/corpus/protocols/1971/prot-1971--8.xml
Anf. 13 HELÉN PETTERSSON i Umeå (S) replik,/content/corpus/protocols/201617/prot-201617--80.xml
"Fru EWERLÖF (h), som yttrade:",/content/corpus/protocols/1955/prot-1955--ak--2.xml
Herr BJÖRCK i Nässjö (m):,/content/corpus/protocols/1971/prot-1971--86.xml
Herr Bagge:,/content/corpus/protocols/1937/prot-1937--ak--13.xml
Anf. 206 LAHJA EXNER (s) replik:,/content/corpus/protocols/199394/prot-199394--73.xml
Anf. 83 PER-ARNE HÅKANSSON (S),/content/corpus/protocols/201920/prot-201920--3.xml
Anf. 18 KARIN RÅGSJÖ (V),/content/corpus/protocols/201920/prot-201920--48.xml
Anf. 52 ARNE KJÖRNSBERG (s) replik:,/content/corpus/protocols/200304/prot-200304--31.xml
Herr Uhlén:,/content/corpus/protocols/1946/prot-1946--fk--22.xml
Anf. 112 SOFIA ARKELSTEN (M) replik,/content/corpus/protocols/201718/prot-201718--44.xml
Anf. 27 KENNETH G FORSLUND (s) replik:,/content/corpus/protocols/200506/prot-200506--102.xml
"Herr försvarsministern ANDERSSON erhöll ordet för att besvara
            herr Fågelsbos (c) i kammarens protokoll för den 2 februari intagna
            fråga, nr 46, och anförde:",/content/corpus/protocols/1971/prot-1971--23.xml
Anf. 35 SOLVEIG ZANDER (C) replik:,/content/corpus/protocols/201516/prot-201516--25.xml
Anf. 68 JENS HOLM (V) replik:,/content/corpus/protocols/201415/prot-201415--104.xml
Anf. 75 ELIN SEGERLIND (V),/content/corpus/protocols/201819/prot-201819--32.xml
Anf. 241 BO KÖNBERG (fp) replik:,/content/corpus/protocols/200102/prot-200102--123.xml
Anf. 102 SIW WITTGREN-AHL (s):,/content/corpus/protocols/200910/prot-200910--135.xml
Anf. 75 Statsrådet ANNA JOHANSSON (S),/content/corpus/protocols/201516/prot-201516--58.xml
Anf. 25 Försvarsminister THAGE G,/content/corpus/protocols/199495/prot-199495--60.xml
WINBERG (s),/content/corpus/protocols/199596/prot-199596--11.xml
Anf. 50 LINDA LINDBERG (SD) replik,/content/corpus/protocols/202021/prot-202021--136.xml
Anf. 112 BJÖRN SAMUELSON (v) replik:,/content/corpus/protocols/199293/prot-199293--123.xml
Anf. 4 EVA-LENA JANSSON (s):,/content/corpus/protocols/200607/prot-200607--120.xml
Anf. 42 CECILIA MAGNUSSON (m):,/content/corpus/protocols/200405/prot-200405--30.xml
Anf. 224 CHRISTER NYLANDER (L) replik,/content/corpus/protocols/201516/prot-201516--70.xml
Herr BERGH:,/content/corpus/protocols/1952/prot-1952-hÃ¶st-fk--30.xml
Anf. 76 Kulturminister BIRGIT FRIGGEBO,/content/corpus/protocols/199293/prot-199293--95.xml
Fru ERIKSSON i Stockholm (s):,/content/corpus/protocols/1960/prot-1960--ak--12.xml
Anf. 196 MARIE WILÉN (c) replik:,/content/corpus/protocols/199798/prot-199798--78.xml
Anf. 34 CAMILLA SKÖLD JANS-,/content/corpus/protocols/200203/prot-200203--96.xml
Herr OLSSON i Gävle:,/content/corpus/protocols/1948/prot-1948--ak--2.xml
Herr statsrådet LÖFBERG:,/content/corpus/protocols/1973/prot-1973--94.xml
Anf. 139 EVA JOHNSSON (kd) replik:,/content/corpus/protocols/200708/prot-200708--115.xml
Anf. 76 JAN-OLOF FRANZÉN (m),/content/corpus/protocols/199495/prot-199495--92.xml
Herr finansministern STRÄNG:,/content/corpus/protocols/1971/prot-1971--96.xml
Anf. 129 KERSTIN-MARIA STALIN (mp),/content/corpus/protocols/19992000/prot-19992000--96.xml
Anf. 17 FREDRIK MALM (FP):,/content/corpus/protocols/201415/prot-201415--27.xml
Anf. 1 LARS JILMSTAD (M),/content/corpus/protocols/202021/prot-202021--45.xml
"Herr Jeppsson, som härefter på begäran erhöll ordet, anförde:",/content/corpus/protocols/1925/prot-1925--ak--18.xml
Anf. 65 ULLA-BRITT HAGSTRÖM (kd):,/content/corpus/protocols/200102/prot-200102--100.xml
Anf. 117 EMMA WALLRUP (V):,/content/corpus/protocols/201415/prot-201415--65.xml
Herr NÄSSTRÖM (s):,/content/corpus/protocols/1963/prot-1963--fk--20.xml
"Chefen för handelsdepartementet, herr statsrådet LANGE:",/content/corpus/protocols/1959/prot-1959--ak--3.xml
Anf. 25 ELSE-MARIE LINDGREN (kd) replik:,/content/corpus/protocols/200910/prot-200910--41.xml
Herr Lindblad:,/content/corpus/protocols/1929/prot-1929--fk--35.xml
Anf. 169 ELIN LUNDGREN (S):,/content/corpus/protocols/201011/prot-201011--41.xml
Herr MUNKTELL (h);:,/content/corpus/protocols/1961/prot-1961--ak--9.xml
"Herr HANSON, PER-OLOF, (fp):",/content/corpus/protocols/1963/prot-1963-hÃ¶st-fk--34.xml
Herr statsrådet Nilsson:,/content/corpus/protocols/1937/prot-1937--fk--19.xml
Anf. 76 ARNE JANSSON (nyd):,/content/corpus/protocols/199394/prot-199394--21.xml
Hans excellens herr statsministern Erlander:,/content/corpus/protocols/1947/prot-1947--fk--30.xml
Anf. 234 KENT PERSSON (V) replik:,/content/corpus/protocols/201011/prot-201011--36.xml
Herr von Sydow:,/content/corpus/protocols/1929/prot-1929--fk--32.xml
Anf. 116 HELENA LINDAHL (C),/content/corpus/protocols/201718/prot-201718--100.xml
Anf. 48 JESPER SKALBERG KARLSSON (M):,/content/corpus/protocols/201718/prot-201718--53.xml
Herr MOLIN (fp):,/content/corpus/protocols/197576/prot-197576--69.xml
Herr Sköld:,/content/corpus/protocols/1930/prot-1930--ak--43.xml
Anf. 13 KATJA NYBERG (SD),/content/corpus/protocols/202122/prot-202122--4.xml
Anf. 40 Statsminister GÖRAN PERS-,/content/corpus/protocols/200203/prot-200203--49.xml
Herr Kvarnzelius:,/content/corpus/protocols/1932/prot-1932--fk--42.xml
Herr MAGNUSSON i Kristinehamn (vpk):,/content/corpus/protocols/1973/prot-1973--66.xml
Anf. 25 LARS BÄCKSTRÖM (v) replik:,/content/corpus/protocols/200506/prot-200506--141.xml
Anf. 70 CARL-ERIK SKÅRMAN (m) replik:,/content/corpus/protocols/200405/prot-200405--101.xml
Anf. 74 PER ÅSLING (c):,/content/corpus/protocols/200809/prot-200809--52.xml
Anf. 83 MATTIAS JONSSON (S):,/content/corpus/protocols/202021/prot-202021--141.xml
Anf. 26 BÖRJE NILSSON (s):,/content/corpus/protocols/199192/prot-199192--38.xml
Anf. 4 Statsminister GÖRAN PERSSON (s) replik:,/content/corpus/protocols/200405/prot-200405--13.xml
"Chefen för finansdepartementet, herr statsrådet STRÄNG:",/content/corpus/protocols/1956/prot-1956--ak--2.xml
Anf.91 ELISABET FRANZÉN (mp):,/content/corpus/protocols/198990/prot-198990--118.xml
Anf. 17 BARBRO SANDBERG (fp):,/content/corpus/protocols/198586/prot-198586--153.xml
Herr Håstad:,/content/corpus/protocols/1944/prot-1944--ak--19.xml
"Chefen för inrikesdepartementet, herr statsrådet JOHANSSON, som
            yttrade:",/content/corpus/protocols/1958/prot-1958-b-ak--14.xml
Anf. 181 ANDERS KARLSSON (s) replik:,/content/corpus/protocols/200809/prot-200809--14.xml
Anf. 54 Statsrådet ALF SVENSSON (kds):,/content/corpus/protocols/199192/prot-199192--55.xml
Fru statsrådet HJELM-WALLÉN:,/content/corpus/protocols/1975/prot-1975--49.xml
Anf. 52 GUNILLA ANDRÉ (c):,/content/corpus/protocols/198687/prot-198687--41.xml
Anf. 132 TREDJE VICE TALMANNEN,/content/corpus/protocols/202021/prot-202021--109.xml
Anf. 220 JOHAN PEHRSON (fp) replik:,/content/corpus/protocols/200809/prot-200809--86.xml
Herr GUSTAFSSON i Byske (c):,/content/corpus/protocols/1973/prot-1973--34.xml
Anf. 96 LARS-ERIK LÖVDÉN (s) replik:,/content/corpus/protocols/199293/prot-199293--87.xml
Anf. 32 GUNNAR BJÖRK (c):,/content/corpus/protocols/199091/prot-199091--46.xml
Anf. 23 SVEN BERGSTRÖM (c):,/content/corpus/protocols/200910/prot-200910--93.xml
Anf. 82 ISAK FROM (S),/content/corpus/protocols/202122/prot-202122--4.xml
Herr BÖRJESSON i Glömminge (cp) kort genmäle:,/content/corpus/protocols/1968/prot-1968-hÃ¶st-ak--44.xml
Herr FÄLLDIN (c):,/content/corpus/protocols/1971/prot-1971--118.xml
Herr MÖLLER i Gävle (s):,/content/corpus/protocols/1972/prot-1972--17.xml
Anf. 208 Näringsminister THOMAS ÖSTROS (s) replik:,/content/corpus/protocols/200405/prot-200405--47.xml
Herr JOHNSSON i Blentarp (s):,/content/corpus/protocols/197677/prot-197677--131.xml
Herr SKOGLUND (s):,/content/corpus/protocols/1969/prot-1969--ak--10.xml
Anf. 37 LARS-IVAR ERICSON (c):,/content/corpus/protocols/200607/prot-200607--57.xml
Anf. 25 OLLE THORELL (S) replik,/content/corpus/protocols/201819/prot-201819--108.xml
Anf. 347 Statsrådet ANNA HEDBORG (s):,/content/corpus/protocols/199495/prot-199495--10.xml
Herr TALMANNEN yttrade:,/content/corpus/protocols/1956/prot-1956-hÃ¶st-ak--33.xml
Anf. 103 Jordbruksminister ESKIL ERLANDSSON (c):,/content/corpus/protocols/200607/prot-200607--127.xml
Anf. 59 ULF BERG (M),/content/corpus/protocols/201415/prot-201415--65.xml
Herr FREDRIKSSON (s):,/content/corpus/protocols/1973/prot-1973--33.xml
Anf. 97 ARNE KJÖRNSBERG (s) replik:,/content/corpus/protocols/200304/prot-200304--87.xml
"Chefen för kommunikationsdepartementet, herr statsrådet ANDERSSON,
            som anförde:",/content/corpus/protocols/1953/prot-1953-hÃ¶st-ak--26.xml
Anf. 69 JOAR FORSSELL (L),/content/corpus/protocols/201819/prot-201819--94.xml
Herr JANSSON i Aspeboda:,/content/corpus/protocols/1950/prot-1950--ak--14.xml
ANNA-GRETA LEIJON (s):,/content/corpus/protocols/197879/prot-197879--144.xml
Herr statsrådet Bagge:,/content/corpus/protocols/1942/prot-1942--fk--11.xml
Anf. 115 ARON MODIG (KD):,/content/corpus/protocols/201617/prot-201617--101.xml
Anf. 68 Socialminister BENGT WESTERBERG (fp):,/content/corpus/protocols/199293/prot-199293--20.xml
Anf. 222 PER BILL (m) replik:,/content/corpus/protocols/200708/prot-200708--127.xml
Anf. 122 TALMANNEN:,/content/corpus/protocols/199697/prot-199697--95.xml
Anf. 102 STEN-OVE SUNDSTRÖM (s):,/content/corpus/protocols/198485/prot-198485--23.xml
Anf. 64 ANITA BRODÉN (FP):,/content/corpus/protocols/201112/prot-201112--40.xml
Herr Heiding:,/content/corpus/protocols/1939/prot-1939--fk--37.xml
Anf. 6 ALLAN WIDMAN (L),/content/corpus/protocols/201819/prot-201819--51.xml
Herr SNYGG (s):,/content/corpus/protocols/1959/prot-1959--fk--11.xml
Herr Olofsson i Digernäs:,/content/corpus/protocols/1924/prot-1924--ak--14.xml
Anf. 15 CATHARINA BRÅKENHIELM (S) replik,/content/corpus/protocols/201617/prot-201617--126.xml
KARL-ERIK PERSSON (vpk) replik:,/content/corpus/protocols/198990/prot-198990--21.xml
Anf. 73 Statsrådet BERIT ANDNOR (s):,/content/corpus/protocols/200203/prot-200203--86.xml
Anf. 61 LENA HJELM-WALLÉN (s):,/content/corpus/protocols/199293/prot-199293--73.xml
THAM (s),/content/corpus/protocols/199495/prot-199495--106.xml
"Chefen för handelsdepartementet, herr statsrådet LANGE:",/content/corpus/protocols/1964/prot-1964-hÃ¶st-ak--41.xml
Herr Leo:,/content/corpus/protocols/1928/prot-1928--ak--32.xml
Anf. 34 SAILA QUICKLUND (M) replik:,/content/corpus/protocols/201314/prot-201314--82.xml
Anf. 173 Statsrådet MONA SAHLIN (s),/content/corpus/protocols/200203/prot-200203--14.xml
Anf. 15 Statsminister INGVAR CARLSSON:,/content/corpus/protocols/198788/prot-198788--61.xml
Anf. 60 Statsrådet ÅSA TORSTENSSON (c):,/content/corpus/protocols/200708/prot-200708--54.xml
Herr Heiding:,/content/corpus/protocols/1945/prot-1945--fk--28.xml
Herr Pettersson i Hällbacken:,/content/corpus/protocols/1926/prot-1926--ak--12.xml
Anf. 6 GUNNEL JONÄNG (c):,/content/corpus/protocols/198485/prot-198485--31.xml
Anf. 168 KARIN RÅGSJÖ (V) replik,/content/corpus/protocols/201819/prot-201819--84.xml
Herr ALEXANDERSON (fp):,/content/corpus/protocols/1963/prot-1963--fk--27.xml
Anf. 45 ALIREZA AKHONDI (C) replik:,/content/corpus/protocols/202122/prot-202122--46.xml
Anf. 88 INGE CARLSSON (s):,/content/corpus/protocols/200102/prot-200102--64.xml
Anf. 64 ALICE ÅSTRÖM (v) replik:,/content/corpus/protocols/200304/prot-200304--49.xml
Anf. 153 TALMANNEN:,/content/corpus/protocols/199293/prot-199293--45.xml
Anf. 5 MARIA WEIMER (L):,/content/corpus/protocols/201617/prot-201617--108.xml
Anf. 2 PIERRE SCHORI (s):,/content/corpus/protocols/199293/prot-199293--99.xml
Anf. 221 ÅKE SANDSTRÖM (c):,/content/corpus/protocols/19992000/prot-19992000--92.xml
Anf. 133 BEATRICE ASK (m),/content/corpus/protocols/199596/prot-199596--52.xml
Anf. 14 KATARINA KÖHLER (S),/content/corpus/protocols/201415/prot-201415--25.xml
Anf. 134 Statsrådet ISABELLA LÖVIN (MP) replik:,/content/corpus/protocols/201718/prot-201718--56.xml
Herr ÅKERSTRÖM (s):,/content/corpus/protocols/1958/prot-1958-b-ak--15.xml
Anf. 80 ELIN LUNDGREN (S):,/content/corpus/protocols/201011/prot-201011--83.xml
Anf. 124 CLAES VÄSTERTEG (c):,/content/corpus/protocols/200809/prot-200809--17.xml
Herr HÅSTAD (h):,/content/corpus/protocols/1959/prot-1959--ak--6.xml
Herr KÄLLQVIST (fp):,/content/corpus/protocols/1960/prot-1960--fk--11.xml
Anf. 77 KATARINA BRÄNNSTRÖM (M):,/content/corpus/protocols/201213/prot-201213--124.xml
Anf. 80 BIRGITTA AHLQVIST (s) replik:,/content/corpus/protocols/200405/prot-200405--139.xml
Anf. 53 Arbetsmarknadsminister EVA NORDMARK (S):,/content/corpus/protocols/202021/prot-202021--106.xml
Herr JOHANSSON i Trollhättan (s):,/content/corpus/protocols/1971/prot-1971--87.xml
Anf. 38 ANDERS BJÖRCK (m):,/content/corpus/protocols/198283/prot-198283--154.xml
Anf. 29 Utbildnings- och kulturminister LEIF PAGROTSKY (s):,/content/corpus/protocols/200506/prot-200506--34.xml
Anf. 58 PER-INGVAR JOHNSSON (C),/content/corpus/protocols/201516/prot-201516--118.xml
Herr ALEXANDERSON (fp):,/content/corpus/protocols/1970/prot-1970--fk--10.xml
Anf. 101 Socialminister LARS ENG-QVIST (s):,/content/corpus/protocols/200203/prot-200203--57.xml
Anf. 16 OSKAR LINDKVIST (s) replik:,/content/corpus/protocols/198384/prot-198384--132.xml
Anf. 35 OLA KARLSSON (m):,/content/corpus/protocols/199697/prot-199697--65.xml
Anf. 24 KRISTER ÖRNFJÄDER (s):,/content/corpus/protocols/200607/prot-200607--77.xml
Fru ERIKSSON i Stockhohmn (s):,/content/corpus/protocols/1964/prot-1964--ak--15.xml
Anf. 34 INGA BERGGREN (m):,/content/corpus/protocols/19992000/prot-19992000--38.xml
"Herr Holmström, som på begäran erhöll ordet för kort genmäle,
            yttrade:",/content/corpus/protocols/1947/prot-1947--ak--9.xml
Anf. 75 PER ROSENGREN (v) replik:,/content/corpus/protocols/200102/prot-200102--81.xml
Anf. 181 VIOLA CLAESSON (vpk) replik:,/content/corpus/protocols/198889/prot-198889--95.xml
Anf. 89 GUDRUN LINDVALL (mp),/content/corpus/protocols/199495/prot-199495--120.xml
Anf. 70 LARS BECKMAN (M):,/content/corpus/protocols/201920/prot-201920--46.xml
Anf. 67 EWA HEDKVIST PETERSEN (s):,/content/corpus/protocols/199091/prot-199091--83.xml
Anf. 167 MAGNUS JACOBSSON (kd),/content/corpus/protocols/200102/prot-200102--115.xml
Anf. 33 Utrikesminister CARL BILDT (m):,/content/corpus/protocols/200708/prot-200708--139.xml
Anf. 127 ANDERS BENGTSSON (s),/content/corpus/protocols/200203/prot-200203--66.xml
Anf. 18 Statsminister CARL BILDT (m):,/content/corpus/protocols/199192/prot-199192--8.xml
Anf. 145 JOHAN PEHRSON (FP) replik:,/content/corpus/protocols/201415/prot-201415--59.xml
Herr Ericsson i Kinna:,/content/corpus/protocols/1943/prot-1943-hÃ¶st-ak--35.xml
KENT LUNDGREN (mp):,/content/corpus/protocols/198990/prot-198990--31.xml
Anf. 9 Statsrådet GÖRAN PERSSON (s):,/content/corpus/protocols/199091/prot-199091--73.xml
Anf. 219 CARL-ERIK SKÅRMAN (m) replik:,/content/corpus/protocols/200405/prot-200405--131.xml
Anf. 47 HARALD NORDLUND (fp) replik:,/content/corpus/protocols/199899/prot-199899--87.xml
Herr NORMAN (s):,/content/corpus/protocols/1953/prot-1953--fk--15.xml
Herr Almkvist:,/content/corpus/protocols/1930/prot-1930--fk--32.xml
Anf. 28 Socialminister GERTRUD SIGURDSEN:,/content/corpus/protocols/198889/prot-198889--18.xml
"Chefen för handelsdepartementet, herr statsrådet ERICSSON, erhöll
            på begäran ordet för att besvara herr Janssons i Benestad interpellation
            i anledning av höjningarna av priset på kaffe.",/content/corpus/protocols/1954/prot-1954--ak--4.xml
Herr Lindskog:,/content/corpus/protocols/1936/prot-1936--ak--30.xml
Anf. 42 Statsrådet TOBIAS BILLSTRÖM (m):,/content/corpus/protocols/200607/prot-200607--128.xml
Anf. 16 JOHAN LÖFSTRAND (S) replik,/content/corpus/protocols/201415/prot-201415--36.xml
Anf. 13 LARS GUSTAFSSON (s) replik:,/content/corpus/protocols/198687/prot-198687--131.xml
Anf. 21 Finansminister ERIK,/content/corpus/protocols/199596/prot-199596--95.xml
Anf. 125 STINA BERGSTRÖM (MP) replik:,/content/corpus/protocols/201112/prot-201112--94.xml
Anf. 199 VIVIANN GERDIN (c) replik:,/content/corpus/protocols/200405/prot-200405--72.xml
"Greve Spens: Endast ett par ord i anledning av den siste ärade
              talarens yttrande. Herr Löfgren anmärkte mot reservanterna, att
              de hade föreslagit en",/content/corpus/protocols/1931/prot-1931--fk--17.xml
Anf. 172 SOFIA LARSEN (c) replik:,/content/corpus/protocols/200910/prot-200910--47.xml
Herr RINGABY (m) kort genmäle:,/content/corpus/protocols/1973/prot-1973--93.xml
Anf. 24 PAULA BIELER (SD) replik,/content/corpus/protocols/201819/prot-201819--30.xml
Herr GUSTAFSSON i Borås (fp):,/content/corpus/protocols/1954/prot-1954--ak--23.xml
"Herr KARLSSON, GUSTAF (s):",/content/corpus/protocols/1953/prot-1953--fk--17.xml
Herr AHLMARK (fp):,/content/corpus/protocols/1968/prot-1968--fk--10.xml
Herr Örne:,/content/corpus/protocols/1932/prot-1932--fk--25.xml
Anf. 88 OLLE FELTEN (SD),/content/corpus/protocols/201718/prot-201718--39.xml
Anf. 76 TOMMY FRANZÉN (vpk):,/content/corpus/protocols/198384/prot-198384--159.xml
Anf. 79 BETTY MALMBERG (M) replik,/content/corpus/protocols/201617/prot-201617--92.xml
Anf. 82 YVONNE RUWAIDA (mp),/content/corpus/protocols/199495/prot-199495--52.xml
Herr Andersson i Stockholm:,/content/corpus/protocols/1932/prot-1932--ak--40.xml
Anf. 21 MARIE ENGSTRÖM (v):,/content/corpus/protocols/200809/prot-200809--57.xml
Herr WESTBERG (fp):,/content/corpus/protocols/1967/prot-1967--ak--26.xml
Anf. 131 ALIREZA AKHONDI (C):,/content/corpus/protocols/201819/prot-201819--34.xml
Herr BLIDFORS (s) kort genmäle:,/content/corpus/protocols/1955/prot-1955--ak--20.xml
Herr WESTBERG i Ljusdal (fp):,/content/corpus/protocols/1972/prot-1972--125.xml
Herr TURESSON (h):,/content/corpus/protocols/1967/prot-1967-hÃ¶st-ak--42.xml
Anf. 10 HANS WALLMARK (M),/content/corpus/protocols/202021/prot-202021--77.xml
"Fru OLSSON, ELVY, (cp):",/content/corpus/protocols/1968/prot-1968--fk--23.xml
Herr NIHLFORS (fp):,/content/corpus/protocols/1965/prot-1965-hÃ¶st-ak--39.xml
Anf. 53 MARIANNE ANDERSSON (c):,/content/corpus/protocols/199293/prot-199293--59.xml
Anf. 105 JAN-EVERT RÅDHSTRÖM (M) replik:,/content/corpus/protocols/201112/prot-201112--121.xml
Anf. 4 KARIN ENSTRÖM (M),/content/corpus/protocols/201516/prot-201516--66.xml
Herr ARRHÉN (h):,/content/corpus/protocols/1956/prot-1956--fk--18.xml
Anf. 107 CARIN LUNDBERG (s):,/content/corpus/protocols/200102/prot-200102--119.xml
Anf. 79 Utrikesminister ANN LINDE (S),/content/corpus/protocols/202021/prot-202021--117.xml
Anf. 109 BENGT-OLA RYTTAR (s) replik:,/content/corpus/protocols/200001/prot-200001--113.xml
Herr bostadsministern CARLSSON:,/content/corpus/protocols/1974/prot-1974--21.xml
Herr ÖSTLUND (h):,/content/corpus/protocols/1961/prot-1961--ak--24.xml
Anf. 49 ALEXANDRA ANSTRELL (M):,/content/corpus/protocols/201920/prot-201920--36.xml
Anf. 65 ULF HOLM (mp) replik:,/content/corpus/protocols/200910/prot-200910--72.xml
Anf. 252 SYLVIA LINDGREN (s) replik:,/content/corpus/protocols/199899/prot-199899--109.xml
Anf. 39 JÖRGEN WARBORN (M),/content/corpus/protocols/201516/prot-201516--58.xml
Anf. 90 RAGNHILD POHANKA (mp):,/content/corpus/protocols/199091/prot-199091--96.xml
9 $ Anf. 9 TREDJE VICE TALMANNEN:,/content/corpus/protocols/198586/prot-198586--133.xml
Herr Mannerskantz:,/content/corpus/protocols/1938/prot-1938--fk--38.xml
Anf. 20 AGNETA LUNDBERG (s) replik:,/content/corpus/protocols/19992000/prot-19992000--116.xml
Anf. 154 AMANDA PALMSTIERNA (MP) replik:,/content/corpus/protocols/202021/prot-202021--111.xml
Herr statsrådet MOBERG:,/content/corpus/protocols/1968/prot-1968--ak--12.xml
Herr Hollertz:,/content/corpus/protocols/1930/prot-1930--ak--26.xml
Anf. 21 HUGO BERGDAHL (fp):,/content/corpus/protocols/198283/prot-198283--123.xml
Herr Jonsson i Eskilstuna:,/content/corpus/protocols/1943/prot-1943--ak--17.xml
(fp):,/content/corpus/protocols/199091/prot-199091--123.xml
Herr HANSSON i Skegrie:,/content/corpus/protocols/1949/prot-1949--ak--12.xml
Herr ARRHÉN (h) kort genmäle:,/content/corpus/protocols/1956/prot-1956-hÃ¶st-fk--33.xml
Anf. 86 KENNETH JOHANSSON (c) replik:,/content/corpus/protocols/200405/prot-200405--140.xml
Herr Månsson i Furuvik:,/content/corpus/protocols/1928/prot-1928--ak--32.xml
Anf. 85 DENNIS DIOUKAREV (SD),/content/corpus/protocols/202021/prot-202021--74.xml
Anf. 25 INGA-BRITT JOHANSSON (s):,/content/corpus/protocols/198687/prot-198687--74.xml
Anf. 2 MATHEUS ENHOLM (SD),/content/corpus/protocols/201920/prot-201920--44.xml
Anf. 46 TREDJE VICE TALMANNEN:,/content/corpus/protocols/200203/prot-200203--57.xml
VALL (s):,/content/corpus/protocols/19992000/prot-19992000--82.xml
Anf. 61 CARINA OHLSSON (s):,/content/corpus/protocols/200708/prot-200708--33.xml
HALVARSSON (s) replik,/content/corpus/protocols/199495/prot-199495--119.xml
Anf. 81 LENNART ALSÉN (fp):,/content/corpus/protocols/198687/prot-198687--104.xml
Anf. 12 Justitieminister BEATRICE ASK (M):,/content/corpus/protocols/201112/prot-201112--138.xml
Anf . 62 MONICA GREEN (S):,/content/corpus/protocols/201415/prot-201415--77.xml
INGA LANTZ (vpk):,/content/corpus/protocols/197980/prot-197980--40.xml
Herr Olsson i Kullenbergstorp:,/content/corpus/protocols/1922/prot-1922--ak--32.xml
KARIN NORDLANDER (vpk):,/content/corpus/protocols/197879/prot-197879--28.xml
GUNILLA ANDRÉ (c) kort genmäle:,/content/corpus/protocols/197879/prot-197879--52.xml
Fru GÄRDE WIDEMAR (fp):,/content/corpus/protocols/1966/prot-1966--ak--24.xml
Anf. 18 ARON EMILSSON (SD),/content/corpus/protocols/202021/prot-202021--46.xml
Anf. 112 HANS WALLMARK (m) replik:,/content/corpus/protocols/200708/prot-200708--88.xml
Anf. 49 HELENA LINDAHL (C):,/content/corpus/protocols/201112/prot-201112--18.xml
Anf. 50 Närings- och innovationsminister MIKAEL DAMBERG (S) replik:,/content/corpus/protocols/201516/prot-201516--85.xml
Herr Kvarnzelius:,/content/corpus/protocols/1924/prot-1924--fk--16.xml
Anf. 130 BARBRO WESTERHOLM (L) replik,/content/corpus/protocols/201516/prot-201516--40.xml
Anf. 40 INGELA MÅRTENSSON (fp):,/content/corpus/protocols/199091/prot-199091--10.xml
Anf. 86 STAFFAN DANIELSSON (C):,/content/corpus/protocols/201718/prot-201718--39.xml
Anf. 100 ULF MELIN (m):,/content/corpus/protocols/198990/prot-198990--114.xml
Anf. 56 KJELL-ARNE OTTOSSON (KD),/content/corpus/protocols/201920/prot-201920--66.xml
Anf. 105 ALICE ÅSTRÖM (v):,/content/corpus/protocols/199899/prot-199899--34.xml
Anf. 40 RIKARD LARSSON (S) replik,/content/corpus/protocols/202021/prot-202021--146.xml
Herr LUNDGREN (h):,/content/corpus/protocols/1953/prot-1953--fk--22.xml
"Herr JOHANSSON, TAGE, (s):",/content/corpus/protocols/1959/prot-1959--fk--19.xml
Anf. 172 RIGMOR STENMARK (c) replik:,/content/corpus/protocols/200001/prot-200001--118.xml
Anf. 25 Statsminister STEFAN LÖFVEN (S) replik:,/content/corpus/protocols/201819/prot-201819--103.xml
Anf. 57 Arbetsmarknadsminister ANDERS,/content/corpus/protocols/199495/prot-199495--114.xml
Herr CARLSSON i kort genmäle:,/content/corpus/protocols/1956/prot-1956--ak--18.xml
